date,instrument_type,value_rub_mm,value_usd_mm,num_trades,year,month,quarter
2022-01-03,futures,403719.915071,5434.18745704,1125430.0,2022,1,1
2022-01-04,futures,462455.626075,6224.78720727,1309843.0,2022,1,1
2022-01-05,futures,438730.837224,5905.44465026,1211885.0,2022,1,1
2022-01-06,futures,857234.655921,11538.6277492,2438705.0,2022,1,1
2022-01-07,futures,365993.585149,4926.38008562,990950.0,2022,1,1
2022-01-10,futures,514678.171952,6927.71786089,1375552.0,2022,1,1
2022-01-11,futures,549991.959813,7320.39104521,1516684.0,2022,1,1
2022-01-12,futures,585049.656758,7817.80915151,1594720.0,2022,1,1
2022-01-13,futures,855831.994502,11483.408108700001,2376746.0,2022,1,1
2022-01-14,futures,1111358.13178,14903.8352842,3357392.0,2022,1,1
2022-01-17,futures,805496.907772,10631.2647198,2422524.0,2022,1,1
2022-01-18,futures,904019.788879,11888.677451399999,2919267.0,2022,1,1
2022-01-19,futures,954513.837702,12504.3242156,3295064.0,2022,1,1
2022-01-20,futures,741761.898256,9649.60053514,2574445.0,2022,1,1
2022-01-21,futures,811696.033133,10618.6229492,2785771.0,2022,1,1
2022-01-24,futures,1165013.16549,15191.1410634,3989636.0,2022,1,1
2022-01-25,futures,898910.804092,11619.1038067,3107769.0,2022,1,1
2022-01-26,futures,831898.978967,10578.2770442,2566052.0,2022,1,1
2022-01-27,futures,1371779.23831,17376.677788200002,4205047.0,2022,1,1
2022-01-28,futures,842257.081025,10668.63948,2791747.0,2022,1,1
2022-01-31,futures,561938.196851,7221.24096733,1920730.0,2022,1,1
2022-02-01,futures,603273.284892,7787.1657087799995,1807105.0,2022,2,1
2022-02-02,futures,664003.462126,8608.86477834,1947707.0,2022,2,1
2022-02-03,futures,663852.578786,8679.52470077,1872280.0,2022,2,1
2022-02-04,futures,684653.743059,8932.196344940001,1890649.0,2022,2,1
2022-02-07,futures,519721.021046,6833.85760124,1468633.0,2022,2,1
2022-02-08,futures,528036.121192,6977.166158720001,1533097.0,2022,2,1
2022-02-09,futures,494391.20797,6565.2541022899995,1465614.0,2022,2,1
2022-02-10,futures,655473.594258,8762.840240610001,1770100.0,2022,2,1
2022-02-11,futures,821368.636906,10992.017794899999,2293481.0,2022,2,1
2022-02-14,futures,1348283.23224,17980.298269400002,3800303.0,2022,2,1
2022-02-15,futures,1105570.40663,14437.5198382,2988843.0,2022,2,1
2022-02-16,futures,704487.202654,9249.36589363,2181519.0,2022,2,1
2022-02-17,futures,1074715.98957,14326.8530792,3119607.0,2022,2,1
2022-02-18,futures,830080.319809,10957.765463299998,2713507.0,2022,2,1
2022-02-21,futures,1503139.47739,19840.3086168,5357097.0,2022,2,1
2022-02-22,futures,1465827.9831,19094.4816608,5720189.0,2022,2,1
2022-02-23,futures,781997.246955,9723.987582040001,2586247.0,2022,2,1
2022-02-24,futures,726370.429422,9032.278646969999,2418923.0,2022,2,1
2022-02-25,futures,471870.362302,5428.23968929,1980682.0,2022,2,1
2022-02-28,futures,70977.485063,849.536317983,273458.0,2022,2,1
2022-03-01,futures,,,,2022,3,1
2022-03-02,futures,39737.700216,433.128748443,25776.0,2022,3,1
2022-03-03,futures,10454.144872,101.25207263600001,7522.0,2022,3,1
2022-03-04,futures,18779.799549,168.04227363299998,34152.0,2022,3,1
2022-03-05,futures,,,,2022,3,1
2022-03-09,futures,104015.612347,983.019120131,232780.0,2022,3,1
2022-03-10,futures,81705.406567,703.843026402,254183.0,2022,3,1
2022-03-11,futures,91317.2459,758.5843477029999,311637.0,2022,3,1
2022-03-14,futures,119894.886076,1026.92197267,379791.0,2022,3,1
2022-03-15,futures,120260.883208,1043.96480797,400376.0,2022,3,1
2022-03-16,futures,127893.751861,1147.21127803,435446.0,2022,3,1
2022-03-17,futures,117552.946616,1087.9283847000002,367255.0,2022,3,1
2022-03-18,futures,93772.017708,894.760915982,368424.0,2022,3,1
2022-03-21,futures,93077.320614,895.384047064,368781.0,2022,3,1
2022-03-22,futures,91407.829099,873.1961217649999,368656.0,2022,3,1
2022-03-23,futures,151779.289067,1458.37714731,546914.0,2022,3,1
2022-03-24,futures,111102.408382,1076.9723713800001,533012.0,2022,3,1
2022-03-25,futures,156583.035085,1630.29549533,665817.0,2022,3,1
2022-03-28,futures,149123.625512,1558.86284297,661965.0,2022,3,1
2022-03-29,futures,225270.551794,2403.84742477,1091560.0,2022,3,1
2022-03-30,futures,162714.250348,1885.79208904,823119.0,2022,3,1
2022-03-31,futures,134115.653931,1594.99904182,856210.0,2022,3,1
2022-04-01,futures,117368.957652,1407.1379905699998,787210.0,2022,4,2
2022-04-04,futures,132038.295777,1582.6521605599999,854748.0,2022,4,2
2022-04-05,futures,146968.099344,1758.13462511,1074473.0,2022,4,2
2022-04-06,futures,180035.316674,2159.9399735300003,1190617.0,2022,4,2
2022-04-07,futures,232663.449928,2816.87837852,1339357.0,2022,4,2
2022-04-08,futures,284055.600512,3725.08973889,1653320.0,2022,4,2
2022-04-11,futures,223318.576979,2983.5441366,1398915.0,2022,4,2
2022-04-12,futures,164102.267471,2073.05579451,1100106.0,2022,4,2
2022-04-13,futures,129028.429145,1620.40238844,843614.0,2022,4,2
2022-04-14,futures,212101.145474,2656.34125064,1178464.0,2022,4,2
2022-04-15,futures,159733.225661,1965.0283640999999,976969.0,2022,4,2
2022-04-18,futures,195620.11009,2443.9163868,1163194.0,2022,4,2
2022-04-19,futures,186021.286981,2341.27749876,1219436.0,2022,4,2
2022-04-20,futures,219681.364314,2779.7668987800002,1361191.0,2022,4,2
2022-04-21,futures,244730.602731,3174.9837214,1364148.0,2022,4,2
2022-04-22,futures,229757.899072,3063.47950069,1333978.0,2022,4,2
2022-04-25,futures,201551.433337,2742.00984065,1165085.0,2022,4,2
2022-04-26,futures,205767.962756,2804.86474107,1270189.0,2022,4,2
2022-04-27,futures,168993.873187,2324.2529207199996,1179692.0,2022,4,2
2022-04-28,futures,190608.05179,2615.49763421,1345820.0,2022,4,2
2022-04-29,futures,233747.689227,3233.23492989,1436278.0,2022,4,2
2022-05-04,futures,225818.865675,3179.48608246,1437794.0,2022,5,2
2022-05-05,futures,181068.456412,2608.4541951700003,1129127.0,2022,5,2
2022-05-06,futures,238135.914456,3595.16642244,1387885.0,2022,5,2
2022-05-11,futures,263942.987623,3916.9804779899996,1475366.0,2022,5,2
2022-05-12,futures,270107.250961,3923.7589642,1525104.0,2022,5,2
2022-05-13,futures,299398.600263,4550.711645,1743936.0,2022,5,2
2022-05-16,futures,256753.583768,4025.6191020700003,1426024.0,2022,5,2
2022-05-17,futures,223295.943939,3519.54769821,1341501.0,2022,5,2
2022-05-18,futures,202576.547027,3188.03305846,1292856.0,2022,5,2
2022-05-19,futures,236558.512839,3721.56246256,1424714.0,2022,5,2
2022-05-20,futures,415726.45536,6661.9519761,2198621.0,2022,5,2
2022-05-23,futures,281465.498064,4779.82104575,1686805.0,2022,5,2
2022-05-24,futures,258153.477726,4434.96380654,1695254.0,2022,5,2
2022-05-25,futures,345160.338125,6058.739632520001,2081429.0,2022,5,2
2022-05-26,futures,472607.142344,8394.50266688,2697468.0,2022,5,2
2022-05-27,futures,502522.559154,8098.73664017,2448381.0,2022,5,2
2022-05-30,futures,426476.245422,6422.55451828,2420666.0,2022,5,2
2022-05-31,futures,343308.039368,5440.913496859999,2056409.0,2022,5,2
2022-06-01,futures,210167.567845,3411.42904196,1331016.0,2022,6,2
2022-06-02,futures,221372.039844,3601.10877152,1296838.0,2022,6,2
2022-06-03,futures,293966.089101,4774.11431752,1744022.0,2022,6,2
2022-06-06,futures,232776.994206,3756.53374204,1436081.0,2022,6,2
2022-06-07,futures,204226.800196,3341.98666974,1223327.0,2022,6,2
2022-06-08,futures,288704.725526,4736.24183682,1661894.0,2022,6,2
2022-06-09,futures,342013.853254,5678.633152810001,1974463.0,2022,6,2
2022-06-10,futures,370029.293257,6337.25743939,2222248.0,2022,6,2
2022-06-14,futures,322343.843397,5579.00660108,1755660.0,2022,6,2
2022-06-15,futures,213056.40292,3731.76914206,1173131.0,2022,6,2
2022-06-16,futures,243650.44726,4300.03754271,1356567.0,2022,6,2
2022-06-17,futures,182733.949614,3213.2379379,1072201.0,2022,6,2
2022-06-20,futures,179482.027943,3164.9040989699997,1070285.0,2022,6,2
2022-06-21,futures,197323.260762,3512.79644315,1065792.0,2022,6,2
2022-06-22,futures,189014.898894,3454.9709986999997,1060009.0,2022,6,2
2022-06-23,futures,202687.284722,3804.27646122,1160323.0,2022,6,2
2022-06-24,futures,150584.646024,2822.16744364,914310.0,2022,6,2
2022-06-27,futures,184077.080704,3452.08821463,1044720.0,2022,6,2
2022-06-28,futures,192637.445909,3609.8696672300002,1012344.0,2022,6,2
2022-06-29,futures,405799.241303,7660.94029445,2037102.0,2022,6,2
2022-06-30,futures,332933.662996,6507.94915743,2025634.0,2022,6,2
2022-07-01,futures,403580.143769,7685.440244840001,2130262.0,2022,7,3
2022-07-04,futures,257766.366404,4794.083544810001,1543155.0,2022,7,3
2022-07-05,futures,440201.099306,7991.19009447,2254208.0,2022,7,3
2022-07-06,futures,416889.292917,7124.87554505,2047436.0,2022,7,3
2022-07-07,futures,281335.289324,4471.95703969,1550449.0,2022,7,3
2022-07-08,futures,237879.394925,3767.33010981,1303890.0,2022,7,3
2022-07-11,futures,307893.451496,5025.486261569999,1676842.0,2022,7,3
2022-07-12,futures,314907.223664,5136.77174863,1920320.0,2022,7,3
2022-07-13,futures,293220.385496,4982.15732627,1772816.0,2022,7,3
2022-07-14,futures,247402.103329,4226.769254,1454872.0,2022,7,3
2022-07-15,futures,256575.133377,4404.20918034,1627664.0,2022,7,3
2022-07-18,futures,175667.604449,3037.53446515,1105853.0,2022,7,3
2022-07-19,futures,214568.590796,3793.5382096,1313971.0,2022,7,3
2022-07-20,futures,195020.815277,3517.88183482,1266237.0,2022,7,3
2022-07-21,futures,363266.191599,6623.01098102,2083613.0,2022,7,3
2022-07-22,futures,297964.443542,5275.73322041,1746936.0,2022,7,3
2022-07-25,futures,227483.048289,3963.6924553400004,1341299.0,2022,7,3
2022-07-26,futures,291942.870278,5052.47940587,1640605.0,2022,7,3
2022-07-27,futures,349340.277396,5955.28980142,1841218.0,2022,7,3
2022-07-28,futures,360450.778476,5985.5857786999995,1538126.0,2022,7,3
2022-07-29,futures,285185.910039,4737.0635405699995,1445004.0,2022,7,3
2022-08-01,futures,340882.139655,5559.96711235,1706305.0,2022,8,3
2022-08-02,futures,267599.990017,4312.60922565,1411558.0,2022,8,3
2022-08-03,futures,227303.067655,3778.3403727600003,1085009.0,2022,8,3
2022-08-04,futures,188644.015149,3131.67592142,988460.0,2022,8,3
2022-08-05,futures,223719.851658,3712.69958608,1150616.0,2022,8,3
2022-08-08,futures,237680.117996,3937.08286946,1194523.0,2022,8,3
2022-08-09,futures,175782.694527,2914.34327193,993520.0,2022,8,3
2022-08-10,futures,172486.014689,2856.60840406,920909.0,2022,8,3
2022-08-11,futures,161884.354919,2677.8016236900003,863878.0,2022,8,3
2022-08-12,futures,243458.276331,4015.94572894,1142068.0,2022,8,3
2022-08-15,futures,203712.872654,3345.077409,1007726.0,2022,8,3
2022-08-16,futures,164985.019085,2688.16009015,929732.0,2022,8,3
2022-08-17,futures,195899.809581,3189.26766563,1090534.0,2022,8,3
2022-08-18,futures,215429.944591,3545.8684127600004,1147915.0,2022,8,3
2022-08-19,futures,180264.896493,3006.5696498,1000418.0,2022,8,3
2022-08-22,futures,222762.971771,3767.20887252,1176535.0,2022,8,3
2022-08-23,futures,168749.93254,2824.6495766,964923.0,2022,8,3
2022-08-24,futures,138958.982475,2319.99276207,772157.0,2022,8,3
2022-08-25,futures,209642.065645,3494.1858421399997,1029810.0,2022,8,3
2022-08-26,futures,168537.731244,2819.77602847,911625.0,2022,8,3
2022-08-29,futures,157185.646822,2615.7325522399997,887020.0,2022,8,3
2022-08-30,futures,184933.427082,3063.65801712,1018886.0,2022,8,3
2022-08-31,futures,237367.280359,3932.024582,1374800.0,2022,8,3
2022-09-01,futures,160507.058478,2664.5217265700003,969780.0,2022,9,3
2022-09-02,futures,147351.441694,2446.1948917399995,920049.0,2022,9,3
2022-09-05,futures,214257.846304,3549.00169955,1214756.0,2022,9,3
2022-09-06,futures,157166.740857,2580.59482585,1009107.0,2022,9,3
2022-09-07,futures,168569.337925,2770.04354533,1016732.0,2022,9,3
2022-09-08,futures,159021.84425,2599.18609659,925079.0,2022,9,3
2022-09-09,futures,146188.175398,2404.37123399,774538.0,2022,9,3
2022-09-12,futures,149041.756843,2464.7385933299997,897833.0,2022,9,3
2022-09-13,futures,192417.15195,3182.72141347,1073397.0,2022,9,3
2022-09-14,futures,185772.328866,3092.72101542,1070152.0,2022,9,3
2022-09-15,futures,243018.68708,4065.55048975,1232997.0,2022,9,3
2022-09-16,futures,182923.362142,3065.77351272,992178.0,2022,9,3
2022-09-19,futures,137096.574662,2283.74014123,766710.0,2022,9,3
2022-09-20,futures,270800.226712,4500.86970279,1444115.0,2022,9,3
2022-09-21,futures,305452.984211,5089.54282391,1834590.0,2022,9,3
2022-09-22,futures,214598.977321,3525.6163257,1282896.0,2022,9,3
2022-09-23,futures,279958.186225,4679.08681044,1561814.0,2022,9,3
2022-09-26,futures,203651.478098,3505.15275398,1390911.0,2022,9,3
2022-09-27,futures,164413.043383,2834.75651965,1141274.0,2022,9,3
2022-09-28,futures,202808.320892,3486.14059661,1284366.0,2022,9,3
2022-09-29,futures,224430.769017,3839.80374205,1402873.0,2022,9,3
2022-09-30,futures,396040.224057,6898.09318546,2570151.0,2022,9,3
2022-10-03,futures,215568.697608,3898.25977117,1340818.0,2022,10,4
2022-10-04,futures,166705.164558,2895.8761457699998,1112036.0,2022,10,4
2022-10-05,futures,190015.45896,3232.03363355,1251333.0,2022,10,4
2022-10-06,futures,153361.110514,2581.64999022,958020.0,2022,10,4
2022-10-07,futures,200208.749193,3322.7792820500003,1181706.0,2022,10,4
2022-10-10,futures,200671.514409,3276.4033537532146,1450691.0,2022,10,4
2022-10-11,futures,211063.724288,3387.1756962155323,1314279.0,2022,10,4
2022-10-12,futures,192808.74417,3027.585330224232,1198622.0,2022,10,4
2022-10-13,futures,175034.69975,2745.3882660271443,1066913.0,2022,10,4
2022-10-14,futures,163964.137216,2582.449945677939,1000481.0,2022,10,4
2022-10-17,futures,145308.536323,2304.4436249004852,927034.0,2022,10,4
2022-10-18,futures,132418.790267,2143.968600611365,871122.0,2022,10,4
2022-10-19,futures,143956.475531,2333.047160131079,983559.0,2022,10,4
2022-10-20,futures,138097.486751,2242.1881093837524,908254.0,2022,10,4
2022-10-21,futures,139379.769809,2266.271390577186,935463.0,2022,10,4
2022-10-24,futures,141994.41583,2320.329431594979,984201.0,2022,10,4
2022-10-25,futures,133802.025468,2187.633769294785,906381.0,2022,10,4
2022-10-26,futures,139424.116742,2273.2464748274165,967038.0,2022,10,4
2022-10-27,futures,135675.503743,2208.7023239190135,895677.0,2022,10,4
2022-10-28,futures,123251.794228,2008.7027998872209,847727.0,2022,10,4
2022-10-31,futures,119517.847165,1942.2963642228806,819095.0,2022,10,4
2022-11-01,futures,103693.666747,1682.7131918004509,695910.0,2022,11,4
2022-11-02,futures,101940.517002,1659.5257336209352,664244.0,2022,11,4
2022-11-03,futures,149277.064674,2422.64072177547,909899.0,2022,11,4
2022-11-04,futures,,,,2022,11,4
2022-11-07,futures,160333.785467,2582.0516054625537,846622.0,2022,11,4
2022-11-08,futures,118464.976946,1934.542144596296,819636.0,2022,11,4
2022-11-09,futures,139222.504951,2283.1820469715008,923754.0,2022,11,4
2022-11-10,futures,216504.42747,3545.7013953237,1141275.0,2022,11,4
2022-11-11,futures,179684.062755,2933.9334974054345,973707.0,2022,11,4
2022-11-14,futures,160629.288376,2667.467453630897,988159.0,2022,11,4
2022-11-15,futures,151547.076692,2509.132336592812,954886.0,2022,11,4
2022-11-16,futures,163600.2299,2712.5831498418215,1039950.0,2022,11,4
2022-11-17,futures,114386.92986,1895.4426274764535,759821.0,2022,11,4
2022-11-18,futures,135054.825183,2236.3995201641346,852486.0,2022,11,4
2022-11-21,futures,117767.907413,1950.636239927386,801226.0,2022,11,4
2022-11-22,futures,118321.476256,1948.066631477216,773512.0,2022,11,4
2022-11-23,futures,135362.603525,2231.622008569554,902775.0,2022,11,4
2022-11-24,futures,134096.904973,2216.3202445611305,775664.0,2022,11,4
2022-11-25,futures,136826.946091,2265.849478046454,692543.0,2022,11,4
2022-11-28,futures,122323.629868,2022.5568226694245,739253.0,2022,11,4
2022-11-29,futures,137079.26808,2256.3745733473793,766119.0,2022,11,4
2022-11-30,futures,125225.569471,2050.384114257739,640183.0,2022,11,4
2022-12-01,futures,166748.596295,2738.958190005634,806089.0,2022,12,4
2022-12-02,futures,135439.45117,2214.9485292217723,749749.0,2022,12,4
2022-12-03,futures,,,,2022,12,4
2022-12-05,futures,182449.733523,2953.460604922064,886589.0,2022,12,4
2022-12-06,futures,138605.429191,2228.9242113599926,832965.0,2022,12,4
2022-12-07,futures,138380.099131,2199.6413803621986,905303.0,2022,12,4
2022-12-08,futures,162977.23798,2589.5215862796567,954728.0,2022,12,4
2022-12-09,futures,158294.102705,2529.7832376838273,879714.0,2022,12,4
2022-12-12,futures,154642.812059,2478.9930966331253,880724.0,2022,12,4
2022-12-13,futures,187253.311053,2983.2892720265613,1014149.0,2022,12,4
2022-12-14,futures,213050.72881,3370.415883218376,1034295.0,2022,12,4
2022-12-15,futures,282889.391594,4464.865158761975,1240083.0,2022,12,4
2022-12-16,futures,147207.051704,2289.325314401686,863998.0,2022,12,4
2022-12-19,futures,268226.229626,4151.607540049344,1288076.0,2022,12,4
2022-12-20,futures,228354.740344,3441.8039040565272,1149312.0,2022,12,4
2022-12-21,futures,205508.862604,2978.2296109339068,1080223.0,2022,12,4
2022-12-22,futures,310364.428376,4400.734320246833,1512343.0,2022,12,4
2022-12-23,futures,247507.588644,3431.3812535040606,1321220.0,2022,12,4
2022-12-26,futures,198593.231748,2891.741390704176,1139185.0,2022,12,4
2022-12-27,futures,211512.451899,3090.08720251809,1157645.0,2022,12,4
2022-12-28,futures,213900.580589,3058.580167599443,1103151.0,2022,12,4
2022-12-29,futures,299243.458597,4195.427180190702,1536767.0,2022,12,4
2022-12-30,futures,270074.22437,3752.187818605181,1186314.0,2022,12,4
2023-01-02,futures,,,,2023,1,1
2023-01-03,futures,128027.902352,1820.194097771459,772118.0,2023,1,1
2023-01-04,futures,124141.506264,1764.940554668562,784886.0,2023,1,1
2023-01-05,futures,114246.165913,1624.256846106273,742314.0,2023,1,1
2023-01-06,futures,119637.870208,1700.9116077199217,813344.0,2023,1,1
2023-01-09,futures,209315.921833,2975.879464481962,1187331.0,2023,1,1
2023-01-10,futures,150903.260917,2146.555214878478,916552.0,2023,1,1
2023-01-11,futures,196850.075601,2827.9237516915823,1120381.0,2023,1,1
2023-01-12,futures,161224.596107,2335.904504869589,992994.0,2023,1,1
2023-01-13,futures,213615.868025,3151.7224451329716,1189765.0,2023,1,1
2023-01-16,futures,165378.865859,2447.359737696524,998130.0,2023,1,1
2023-01-17,futures,138655.684861,2030.4189368304214,880404.0,2023,1,1
2023-01-18,futures,172992.330849,2519.3889533586544,980256.0,2023,1,1
2023-01-19,futures,154039.114957,2236.5740169849346,1000741.0,2023,1,1
2023-01-20,futures,138102.303345,2005.9393310790497,841075.0,2023,1,1
2023-01-23,futures,160534.058147,2337.910950272043,999348.0,2023,1,1
2023-01-24,futures,150969.825833,2199.802791728837,974701.0,2023,1,1
2023-01-25,futures,147349.189613,2143.1705369955303,879641.0,2023,1,1
2023-01-26,futures,190829.173389,2767.3527442199734,1064460.0,2023,1,1
2023-01-27,futures,143648.955417,2078.065156344257,832690.0,2023,1,1
2023-01-30,futures,149195.314324,2151.7354944243493,857744.0,2023,1,1
2023-01-31,futures,198450.197329,2851.59502834349,1024744.0,2023,1,1
2023-02-01,futures,146074.382203,2071.465797136593,880736.0,2023,2,1
2023-02-02,futures,173500.25806,2474.2734140786656,1020995.0,2023,2,1
2023-02-03,futures,202270.027049,2887.8638497945503,1108210.0,2023,2,1
2023-02-06,futures,149823.204003,2128.633126276023,929312.0,2023,2,1
2023-02-07,futures,140490.619338,1989.9774832540356,906575.0,2023,2,1
2023-02-08,futures,216959.109988,3060.400127347925,1193950.0,2023,2,1
2023-02-09,futures,227429.650124,3177.4435130622846,1201669.0,2023,2,1
2023-02-10,futures,199646.120892,2738.821521011758,982363.0,2023,2,1
2023-02-13,futures,178014.263028,2445.5095254305743,906011.0,2023,2,1
2023-02-14,futures,242467.605101,3293.0232240220453,1229361.0,2023,2,1
2023-02-15,futures,224629.213067,3041.0984040641983,1075135.0,2023,2,1
2023-02-16,futures,248970.681465,3355.051853985503,1104970.0,2023,2,1
2023-02-17,futures,319869.516208,4278.400993635957,1251090.0,2023,2,1
2023-02-20,futures,215213.364475,2878.76964952621,1087149.0,2023,2,1
2023-02-21,futures,235434.913422,3179.696628751864,1239662.0,2023,2,1
2023-02-22,futures,191232.812682,2554.552958899059,1087044.0,2023,2,1
2023-02-23,futures,,,,2023,2,1
2023-02-24,futures,217513.638136,2911.4900692422707,1193932.0,2023,2,1
2023-02-27,futures,270803.870545,3624.796985424723,1317385.0,2023,2,1
2023-02-28,futures,256886.86144,3405.5286851918872,1185346.0,2023,2,1
2023-03-01,futures,275486.94044,3678.39724354147,1217631.0,2023,3,1
2023-03-02,futures,218664.834284,2905.7947740969257,1190145.0,2023,3,1
2023-03-03,futures,195733.210856,2593.4237435688838,932728.0,2023,3,1
2023-03-06,futures,248427.654103,3292.2116071068867,1184913.0,2023,3,1
2023-03-07,futures,204674.453634,2711.896916955512,947176.0,2023,3,1
2023-03-09,futures,222388.667937,2947.1964814326434,1106464.0,2023,3,1
2023-03-10,futures,220403.906332,2903.765161917611,1082975.0,2023,3,1
2023-03-13,futures,406118.405619,5347.842993326362,1739417.0,2023,3,1
2023-03-14,futures,268679.825386,3560.517107349634,1235127.0,2023,3,1
2023-03-15,futures,342150.593694,4550.3166357106475,1635366.0,2023,3,1
2023-03-16,futures,415398.157772,5484.115372516196,1679399.0,2023,3,1
2023-03-17,futures,323034.87658,4227.679497706437,1387516.0,2023,3,1
2023-03-20,futures,309602.690519,4041.57842785793,1458174.0,2023,3,1
2023-03-21,futures,229657.761384,2973.2162132098774,1292703.0,2023,3,1
2023-03-22,futures,206000.665125,2680.9982277487625,1121862.0,2023,3,1
2023-03-23,futures,273439.78644,3553.191838463747,1234182.0,2023,3,1
2023-03-24,futures,260428.920386,3412.901015710182,1172823.0,2023,3,1
2023-03-27,futures,189665.502541,2480.9772739473547,959611.0,2023,3,1
2023-03-28,futures,194059.430417,2534.5312999339135,1056969.0,2023,3,1
2023-03-29,futures,167551.121718,2187.525660894666,942909.0,2023,3,1
2023-03-30,futures,208151.837562,2704.039688716661,937438.0,2023,3,1
2023-03-31,futures,211080.305573,2738.233714330562,1046177.0,2023,3,1
2023-04-03,futures,208832.379408,2700.769100749709,1040447.0,2023,4,2
2023-04-04,futures,212188.516517,2722.075618234532,1000338.0,2023,4,2
2023-04-05,futures,179736.807288,2264.9343188631524,848993.0,2023,4,2
2023-04-06,futures,218043.899551,2742.8251140747784,907893.0,2023,4,2
2023-04-07,futures,372491.69312,4617.400402869422,1371380.0,2023,4,2
2023-04-10,futures,285156.393544,3460.686242323917,1085727.0,2023,4,2
2023-04-11,futures,238803.665117,2921.3565886345314,1168202.0,2023,4,2
2023-04-12,futures,200635.694164,2441.420519664784,969115.0,2023,4,2
2023-04-13,futures,224577.006156,2735.628030462863,961438.0,2023,4,2
2023-04-14,futures,209675.801634,2567.1716914190006,916178.0,2023,4,2
2023-04-17,futures,282083.957206,3460.961753105657,1194270.0,2023,4,2
2023-04-18,futures,205774.419903,2520.8834222490104,1019147.0,2023,4,2
2023-04-19,futures,276215.001313,3384.8716136333555,1226107.0,2023,4,2
2023-04-20,futures,232195.259791,2843.616975723441,1124761.0,2023,4,2
2023-04-21,futures,187047.078348,2291.7156139026793,948168.0,2023,4,2
2023-04-24,futures,184847.675008,2268.4509544303764,810859.0,2023,4,2
2023-04-25,futures,215773.901111,2654.8782350060596,860534.0,2023,4,2
2023-04-26,futures,185424.211122,2273.7515450294854,822251.0,2023,4,2
2023-04-27,futures,227179.669273,2783.130043012518,960423.0,2023,4,2
2023-04-28,futures,349676.612946,4287.3489971934805,1338261.0,2023,4,2
2023-05-01,futures,,,,2023,5,2
2023-05-02,futures,252616.650914,3137.732546600206,1063927.0,2023,5,2
2023-05-03,futures,239653.594815,2997.1347848135774,1121029.0,2023,5,2
2023-05-04,futures,294236.693118,3710.0927044110804,1218108.0,2023,5,2
2023-05-05,futures,323682.1131,4117.364907478194,1244086.0,2023,5,2
2023-05-08,futures,156857.29083,2041.8622953188399,761520.0,2023,5,2
2023-05-09,futures,,,,2023,5,2
2023-05-10,futures,282771.071473,3680.922869395879,1225134.0,2023,5,2
2023-05-11,futures,385655.645679,5028.570384990006,1487106.0,2023,5,2
2023-05-12,futures,325804.549707,4293.421190953105,1270093.0,2023,5,2
2023-05-15,futures,250642.136003,3246.4873757093214,1056263.0,2023,5,2
2023-05-16,futures,262613.04349,3319.9964031787454,1113966.0,2023,5,2
2023-05-17,futures,293354.399264,3667.856124471429,1185872.0,2023,5,2
2023-05-18,futures,315935.718076,3911.8287319876877,1360423.0,2023,5,2
2023-05-19,futures,262005.706173,3273.573667209751,1219526.0,2023,5,2
2023-05-22,futures,218809.351288,2738.221349555058,1121703.0,2023,5,2
2023-05-23,futures,260774.692752,3262.2159545347076,1276328.0,2023,5,2
2023-05-24,futures,202020.463183,2520.011016858663,1025406.0,2023,5,2
2023-05-25,futures,240217.805817,3003.9654634229914,1214028.0,2023,5,2
2023-05-26,futures,190099.91391,2376.7212972328252,994868.0,2023,5,2
2023-05-29,futures,246030.192998,3076.6580713972194,1040582.0,2023,5,2
2023-05-30,futures,278772.86662,3482.245025263723,1276664.0,2023,5,2
2023-05-31,futures,293487.081487,3637.343735896152,1247770.0,2023,5,2
2023-06-01,futures,281916.302787,3480.69741767929,1087795.0,2023,6,2
2023-06-02,futures,278935.996071,3445.113129028712,1174548.0,2023,6,2
2023-06-05,futures,297728.521403,3681.314530006578,1212213.0,2023,6,2
2023-06-06,futures,248812.715426,3059.3206814018054,1182186.0,2023,6,2
2023-06-07,futures,307830.433706,3788.672935032775,1199089.0,2023,6,2
2023-06-08,futures,273336.71469,3355.549843293669,1093940.0,2023,6,2
2023-06-09,futures,283473.509932,3453.0777280888747,1078635.0,2023,6,2
2023-06-12,futures,,,,2023,6,2
2023-06-13,futures,427094.350954,5168.024749660281,1469025.0,2023,6,2
2023-06-14,futures,389583.290835,4657.830725964096,1420120.0,2023,6,2
2023-06-15,futures,473697.792673,5617.531626755561,1427536.0,2023,6,2
2023-06-16,futures,290950.022714,3465.2955084437913,1107651.0,2023,6,2
2023-06-19,futures,203066.129152,2427.5745925513274,899269.0,2023,6,2
2023-06-20,futures,225241.774364,2681.877518127892,966791.0,2023,6,2
2023-06-21,futures,324803.479247,3855.9847762294385,1175576.0,2023,6,2
2023-06-22,futures,248840.280634,2953.7095296789075,1006120.0,2023,6,2
2023-06-23,futures,276285.144793,3304.5418638833507,1175189.0,2023,6,2
2023-06-26,futures,378053.794599,4496.395600332067,1520185.0,2023,6,2
2023-06-27,futures,255357.696266,3016.123653988345,1111752.0,2023,6,2
2023-06-28,futures,288251.840507,3389.188534175031,1105612.0,2023,6,2
2023-06-29,futures,313472.8159,3661.2443926128717,1131529.0,2023,6,2
2023-06-30,futures,494363.909307,5680.1174402561755,1491799.0,2023,6,2
2023-07-03,futures,324790.504039,3674.7492095777084,1124210.0,2023,7,3
2023-07-04,futures,362223.51084,4055.0963704653204,1214755.0,2023,7,3
2023-07-05,futures,368994.719502,4120.77413034787,1226623.0,2023,7,3
2023-07-06,futures,491741.987816,5443.357034869048,1583790.0,2023,7,3
2023-07-07,futures,240361.22974,2596.5488604778034,935529.0,2023,7,3
2023-07-10,futures,267211.832118,2914.3630960901055,1075811.0,2023,7,3
2023-07-11,futures,246234.586643,2691.291328449905,1018807.0,2023,7,3
2023-07-12,futures,298614.346334,3299.44197618903,1027871.0,2023,7,3
2023-07-13,futures,272373.653927,3005.4924389436505,1041896.0,2023,7,3
2023-07-14,futures,245546.124086,2722.9744164558742,902953.0,2023,7,3
2023-07-17,futures,225483.802092,2502.067289827894,945209.0,2023,7,3
2023-07-18,futures,219483.885446,2427.3364186472936,879493.0,2023,7,3
2023-07-19,futures,207291.032674,2285.694798292215,872180.0,2023,7,3
2023-07-20,futures,283301.019422,3106.2141539132895,1074126.0,2023,7,3
2023-07-21,futures,256771.246892,2826.1808374048614,995496.0,2023,7,3
2023-07-24,futures,204472.340066,2262.2475517510725,870839.0,2023,7,3
2023-07-25,futures,191855.661594,2120.209766866691,781989.0,2023,7,3
2023-07-26,futures,166790.024596,1851.2786529255393,757935.0,2023,7,3
2023-07-27,futures,250697.130015,2784.075947340716,951809.0,2023,7,3
2023-07-28,futures,235737.214657,2618.647723146991,888416.0,2023,7,3
2023-07-31,futures,279371.539079,3070.7491685270006,1062477.0,2023,7,3
2023-08-01,futures,248749.849208,2715.838003937012,1026405.0,2023,8,3
2023-08-02,futures,308196.578186,3358.157440558755,1123489.0,2023,8,3
2023-08-03,futures,385886.779509,4156.426358063786,1228740.0,2023,8,3
2023-08-04,futures,366406.702558,3907.1212225952027,1384364.0,2023,8,3
2023-08-07,futures,387458.052079,4086.7826216358185,1352713.0,2023,8,3
2023-08-08,futures,362099.309617,3749.7287848101005,1347463.0,2023,8,3
2023-08-09,futures,370791.748018,3859.3788012344457,1310665.0,2023,8,3
2023-08-10,futures,362239.634418,3719.0965742059284,1291283.0,2023,8,3
2023-08-11,futures,341225.773093,3507.687887600047,1137916.0,2023,8,3
2023-08-14,futures,614393.430945,6256.131776733947,2000949.0,2023,8,3
2023-08-15,futures,662970.366483,6561.470928643041,2125059.0,2023,8,3
2023-08-16,futures,485771.502946,4986.276188426193,1744281.0,2023,8,3
2023-08-17,futures,472340.329107,4884.367626191129,1625459.0,2023,8,3
2023-08-18,futures,325428.294038,3471.3832487572804,1222146.0,2023,8,3
2023-08-21,futures,366674.383046,3925.652382010755,1249236.0,2023,8,3
2023-08-22,futures,296714.214613,3151.759617483727,1020514.0,2023,8,3
2023-08-23,futures,343268.524686,3647.195022083862,1157114.0,2023,8,3
2023-08-24,futures,319513.696247,3383.170177780884,1157000.0,2023,8,3
2023-08-25,futures,335560.571429,3554.6407116578584,1074299.0,2023,8,3
2023-08-28,futures,358332.811071,3783.4059685445413,1165233.0,2023,8,3
2023-08-29,futures,367325.148753,3847.4767784903797,1157925.0,2023,8,3
2023-08-30,futures,263012.82493,2748.1043698997983,928664.0,2023,8,3
2023-08-31,futures,296056.103302,3086.2227653570426,989883.0,2023,8,3
2023-09-01,futures,346033.036496,3591.9986681393148,1021866.0,2023,9,3
2023-09-04,futures,220051.08786,2284.083198759408,764461.0,2023,9,3
2023-09-05,futures,288941.633212,2990.4981604410686,983137.0,2023,9,3
2023-09-06,futures,350855.817253,3597.1081847130818,1161616.0,2023,9,3
2023-09-07,futures,441275.044272,4509.990344538596,1466177.0,2023,9,3
2023-09-08,futures,342227.762738,3485.146179308547,1125297.0,2023,9,3
2023-09-09,futures,,,,2023,9,3
2023-09-11,futures,399766.350961,4082.41026428632,1201773.0,2023,9,3
2023-09-12,futures,477217.202592,4944.830678729187,1425876.0,2023,9,3
2023-09-13,futures,322352.126196,3403.8037263247925,940611.0,2023,9,3
2023-09-14,futures,599619.198859,6247.3739037647665,1871222.0,2023,9,3
2023-09-15,futures,542240.572428,5638.888284406657,1637828.0,2023,9,3
2023-09-18,futures,452426.989964,4681.871042678649,1279020.0,2023,9,3
2023-09-19,futures,475086.488469,4915.677727538925,1478316.0,2023,9,3
2023-09-20,futures,682256.524085,7090.324245663226,1953029.0,2023,9,3
2023-09-21,futures,589522.742202,6101.633479359783,1671214.0,2023,9,3
2023-09-22,futures,279571.738806,2909.8958827056026,976413.0,2023,9,3
2023-09-25,futures,262383.325539,2731.9672511580884,948083.0,2023,9,3
2023-09-26,futures,221619.38206,2305.039253590388,830965.0,2023,9,3
2023-09-27,futures,268351.767018,2788.4237484439586,884219.0,2023,9,3
2023-09-28,futures,309095.015072,3203.0571510051814,981351.0,2023,9,3
2023-09-29,futures,329932.850266,3401.306473343793,1031632.0,2023,9,3
2023-10-02,futures,351243.298782,3605.6498534820726,1069128.0,2023,10,4
2023-10-03,futures,307966.74496,3127.2485360764026,983873.0,2023,10,4
2023-10-04,futures,297029.81828,2992.2101376379223,968124.0,2023,10,4
2023-10-05,futures,323229.406995,3249.9902669535622,991057.0,2023,10,4
2023-10-06,futures,430154.609074,4315.519743670004,1281031.0,2023,10,4
2023-10-09,futures,506388.607948,5039.1388684968115,1527664.0,2023,10,4
2023-10-10,futures,395759.115706,3904.497796029589,1185877.0,2023,10,4
2023-10-11,futures,339807.810789,3400.2916977852583,1092052.0,2023,10,4
2023-10-12,futures,547786.961591,5478.9215688512195,1545226.0,2023,10,4
2023-10-13,futures,373988.354978,3855.7567516815334,1080536.0,2023,10,4
2023-10-16,futures,314478.154614,3231.7976991907094,1018219.0,2023,10,4
2023-10-17,futures,290318.040553,2984.1554640469126,968215.0,2023,10,4
2023-10-18,futures,331549.755411,3405.8968688017358,1075483.0,2023,10,4
2023-10-19,futures,316118.201149,3246.486695911778,1121738.0,2023,10,4
2023-10-20,futures,355979.872296,3658.302167111648,1218708.0,2023,10,4
2023-10-23,futures,325837.601486,3397.493167593449,1090591.0,2023,10,4
2023-10-24,futures,307987.62747,3251.967122875446,1061200.0,2023,10,4
2023-10-25,futures,341427.891573,3650.7605832720287,1135959.0,2023,10,4
2023-10-26,futures,331928.759344,3563.352281238896,1201732.0,2023,10,4
2023-10-27,futures,538944.947651,5760.3220514719715,1617612.0,2023,10,4
2023-10-30,futures,377258.243356,4047.079658475778,1261301.0,2023,10,4
2023-10-31,futures,485012.279746,5201.566648034448,1393771.0,2023,10,4
2023-11-01,futures,412799.008412,4485.84378633075,1245428.0,2023,11,4
2023-11-02,futures,301779.833828,3235.200582203492,1017938.0,2023,11,4
2023-11-03,futures,396353.205878,4253.949168514484,1235804.0,2023,11,4
2023-11-06,futures,188640.58528,2027.6281240091105,733546.0,2023,11,4
2023-11-07,futures,275742.280543,2963.8521433630963,934075.0,2023,11,4
2023-11-08,futures,277596.670078,3003.802085135438,987791.0,2023,11,4
2023-11-09,futures,250891.59736,2721.246689002823,929993.0,2023,11,4
2023-11-10,futures,219186.228975,2384.3613162566658,796359.0,2023,11,4
2023-11-13,futures,261622.523621,2842.0703571401414,901808.0,2023,11,4
2023-11-14,futures,348171.820946,3779.608015176105,1156240.0,2023,11,4
2023-11-15,futures,393290.340261,4309.700518984845,1227050.0,2023,11,4
2023-11-16,futures,337183.154895,3769.241529626131,1108406.0,2023,11,4
2023-11-17,futures,336652.868659,3784.887434247065,1126798.0,2023,11,4
2023-11-20,futures,383453.808621,4302.489782414778,1176786.0,2023,11,4
2023-11-21,futures,272073.682208,3074.438696339019,932260.0,2023,11,4
2023-11-22,futures,261649.541669,2977.685716404101,978657.0,2023,11,4
2023-11-23,futures,244450.381249,2772.6528189141245,901482.0,2023,11,4
2023-11-24,futures,359868.242711,4083.815165931689,1096122.0,2023,11,4
2023-11-27,futures,315521.096197,3552.633402846195,1225307.0,2023,11,4
2023-11-28,futures,313130.952745,3530.045857256396,1124430.0,2023,11,4
2023-11-29,futures,356975.728843,4028.607641592051,1171276.0,2023,11,4
2023-11-30,futures,372590.901105,4191.873474614695,1194792.0,2023,11,4
2023-12-01,futures,346506.144145,3911.703679250501,1101749.0,2023,12,4
2023-12-04,futures,375823.345994,4186.891609847831,1166618.0,2023,12,4
2023-12-05,futures,395584.34688,4362.767521020637,1154627.0,2023,12,4
2023-12-06,futures,452405.258337,4939.876573715663,1408954.0,2023,12,4
2023-12-07,futures,375906.762919,4051.4790803340284,1306867.0,2023,12,4
2023-12-08,futures,477040.067586,5153.546223383683,1344147.0,2023,12,4
2023-12-11,futures,458332.583173,5001.435867370434,1411580.0,2023,12,4
2023-12-12,futures,430842.9612,4735.339400294116,1316730.0,2023,12,4
2023-12-13,futures,391103.913405,4335.2041815846005,1204283.0,2023,12,4
2023-12-14,futures,459876.285095,5115.841405132347,1378403.0,2023,12,4
2023-12-15,futures,485687.51392,5416.140378548544,1575745.0,2023,12,4
2023-12-18,futures,438265.624352,4886.089599293618,1457616.0,2023,12,4
2023-12-19,futures,422792.600734,4676.071331619776,1436453.0,2023,12,4
2023-12-20,futures,503367.628096,5587.572325596368,1521820.0,2023,12,4
2023-12-21,futures,569965.341504,6304.535797605457,1668236.0,2023,12,4
2023-12-22,futures,331393.180417,3613.6398675007795,1128872.0,2023,12,4
2023-12-25,futures,237377.377523,2581.903606884572,815252.0,2023,12,4
2023-12-26,futures,232430.99912,2527.2754854353097,772430.0,2023,12,4
2023-12-27,futures,266320.117287,2904.035762707059,875020.0,2023,12,4
2023-12-28,futures,364245.654163,3971.923635250384,1075172.0,2023,12,4
2023-12-29,futures,269862.519707,2988.3750539233542,821540.0,2023,12,4
2024-01-03,futures,178434.386131,1989.4945732163505,661963.0,2024,1,1
2024-01-04,futures,188448.979986,2101.154554005372,720511.0,2024,1,1
2024-01-05,futures,186090.197774,2074.854777869577,741225.0,2024,1,1
2024-01-08,futures,251048.843881,2799.1259047278186,942069.0,2024,1,1
2024-01-09,futures,326567.674573,3641.1401997027483,1125200.0,2024,1,1
2024-01-10,futures,315216.665932,3486.7557401442414,1066681.0,2024,1,1
2024-01-11,futures,318392.109678,3561.6760167975663,1095666.0,2024,1,1
2024-01-12,futures,380303.153166,4283.571105406739,1206125.0,2024,1,1
2024-01-15,futures,294765.165653,3344.5720944056893,976297.0,2024,1,1
2024-01-16,futures,327572.81518,3736.1231332661173,1110443.0,2024,1,1
2024-01-17,futures,335830.620367,3831.683931636121,1146187.0,2024,1,1
2024-01-18,futures,304004.465763,3440.754982943613,1070302.0,2024,1,1
2024-01-19,futures,292356.297989,3297.462221145712,1020246.0,2024,1,1
2024-01-22,futures,252521.530024,2850.4647275075176,906034.0,2024,1,1
2024-01-23,futures,262307.065521,2981.6972768845685,962191.0,2024,1,1
2024-01-24,futures,289752.048184,3295.6366895776723,1031966.0,2024,1,1
2024-01-25,futures,368105.450368,4169.612126108227,1239898.0,2024,1,1
2024-01-26,futures,344428.416865,3884.9896213124407,1075288.0,2024,1,1
2024-01-29,futures,338936.100995,3786.3228878333343,1075012.0,2024,1,1
2024-01-30,futures,308318.48502,3440.708913390396,1042816.0,2024,1,1
2024-01-31,futures,311145.46977,3484.71273263022,1103717.0,2024,1,1
2024-02-01,futures,303350.622533,3383.049684870154,1044887.0,2024,2,1
2024-02-02,futures,351343.258225,3893.8673125538207,1115035.0,2024,2,1
2024-02-05,futures,338879.061912,3737.804363783964,1072462.0,2024,2,1
2024-02-06,futures,211872.422943,2322.057518056101,746862.0,2024,2,1
2024-02-07,futures,275434.147941,3037.2892735559226,928695.0,2024,2,1
2024-02-08,futures,288873.473438,3169.161125753417,1058643.0,2024,2,1
2024-02-09,futures,260806.428331,2857.961586469288,932347.0,2024,2,1
2024-02-12,futures,253244.918348,2786.2761549167617,890398.0,2024,2,1
2024-02-13,futures,298453.619636,3276.980489174951,1014704.0,2024,2,1
2024-02-14,futures,244406.796975,2679.731606412757,923703.0,2024,2,1
2024-02-15,futures,298080.190018,3260.1440860490247,1020700.0,2024,2,1
2024-02-16,futures,387756.90693,4222.8412373929605,1150389.0,2024,2,1
2024-02-19,futures,255483.698753,2760.517635517109,849340.0,2024,2,1
2024-02-20,futures,249637.648296,2701.407943019277,875353.0,2024,2,1
2024-02-21,futures,367925.959017,3984.081679465939,1305261.0,2024,2,1
2024-02-22,futures,460102.185945,4977.376206556345,1357664.0,2024,2,1
2024-02-26,futures,353498.6441,3811.2280621744676,1176538.0,2024,2,1
2024-02-27,futures,293854.490684,3172.274953110207,988585.0,2024,2,1
2024-02-28,futures,356033.907022,3868.1468563109433,1073600.0,2024,2,1
2024-02-29,futures,383008.326328,4169.061299412643,1105347.0,2024,2,1
2024-03-01,futures,279353.504761,3075.147863506318,879760.0,2024,3,1
2024-03-04,futures,301979.461286,3306.3348131027356,935642.0,2024,3,1
2024-03-05,futures,341115.349471,3734.0191987490343,983883.0,2024,3,1
2024-03-06,futures,335816.308113,3683.795903846407,900763.0,2024,3,1
2024-03-07,futures,328735.212776,3638.8183107596537,951584.0,2024,3,1
2024-03-11,futures,342114.879327,3769.8900082645264,1004103.0,2024,3,1
2024-03-12,futures,415468.986023,4584.475245549803,1179006.0,2024,3,1
2024-03-13,futures,395200.285456,4348.508562286399,1142790.0,2024,3,1
2024-03-14,futures,412260.921902,4503.373993548521,1220574.0,2024,3,1
2024-03-15,futures,373891.781235,4080.18889141701,1148352.0,2024,3,1
2024-03-18,futures,423179.51601,4606.286230652008,1270168.0,2024,3,1
2024-03-19,futures,435084.874518,4730.06259335159,1317253.0,2024,3,1
2024-03-20,futures,487224.321701,5283.036268109381,1399712.0,2024,3,1
2024-03-21,futures,539519.729287,5820.934630834613,1345383.0,2024,3,1
2024-03-22,futures,277803.894946,3021.2528229612,847283.0,2024,3,1
2024-03-25,futures,310902.666213,3357.0524081488534,945867.0,2024,3,1
2024-03-26,futures,243950.787867,2629.457240248297,747261.0,2024,3,1
2024-03-27,futures,295652.91855,3193.6755645453118,850459.0,2024,3,1
2024-03-28,futures,273382.225508,2952.550120561302,839967.0,2024,3,1
2024-03-29,futures,262063.278334,2840.4002299301565,698263.0,2024,3,1
2024-04-01,futures,257976.514373,2792.981339161596,796296.0,2024,4,2
2024-04-02,futures,294581.185224,3191.859536468187,872931.0,2024,4,2
2024-04-03,futures,284571.18729,3075.6007246658755,904217.0,2024,4,2
2024-04-04,futures,229004.769561,2478.696314731592,742655.0,2024,4,2
2024-04-05,futures,328055.884214,3554.011602889526,920767.0,2024,4,2
2024-04-08,futures,239163.731822,2587.917955559403,743883.0,2024,4,2
2024-04-09,futures,265861.680471,2871.6656816301397,783067.0,2024,4,2
2024-04-10,futures,334954.260299,3611.5107589089803,901516.0,2024,4,2
2024-04-11,futures,296987.814386,3185.8877018187122,820972.0,2024,4,2
2024-04-12,futures,349444.025686,3728.612005236898,937798.0,2024,4,2
2024-04-15,futures,310256.435422,3320.313857295282,904146.0,2024,4,2
2024-04-16,futures,332652.640181,3554.3951184593075,908279.0,2024,4,2
2024-04-17,futures,290988.762179,3093.183488979975,909234.0,2024,4,2
2024-04-18,futures,330024.610417,3498.83285961609,941282.0,2024,4,2
2024-04-19,futures,328753.678694,3493.952513534597,936643.0,2024,4,2
2024-04-22,futures,281721.909976,3014.9742776022063,854592.0,2024,4,2
2024-04-23,futures,318455.064087,3414.9981296574115,1018441.0,2024,4,2
2024-04-24,futures,291927.127857,3129.183142108953,936061.0,2024,4,2
2024-04-25,futures,288651.920882,3120.365651472665,897357.0,2024,4,2
2024-04-26,futures,385458.460467,4183.790330625607,986874.0,2024,4,2
2024-04-27,futures,118758.554569,1290.6658657217317,399805.0,2024,4,2
2024-04-29,futures,158214.985715,1723.8672607924898,529717.0,2024,4,2
2024-04-30,futures,214423.779621,2336.30292322544,663445.0,2024,4,2
2024-05-02,futures,342080.857306,3727.2195663936564,954671.0,2024,5,2
2024-05-03,futures,308692.883156,3353.3964177035605,864798.0,2024,5,2
2024-05-06,futures,275401.545785,3003.556978759278,806439.0,2024,5,2
2024-05-07,futures,251364.270759,2752.7944809138735,796178.0,2024,5,2
2024-05-08,futures,274230.741745,3009.45360446473,796250.0,2024,5,2
2024-05-10,futures,182141.238401,1983.5929251643636,551519.0,2024,5,2
2024-05-13,futures,287312.314883,3128.949161198773,797077.0,2024,5,2
2024-05-14,futures,265043.931849,2892.450665688126,728114.0,2024,5,2
2024-05-15,futures,316048.441338,3459.4084370139376,846643.0,2024,5,2
2024-05-16,futures,290578.656908,3184.1689038356385,843347.0,2024,5,2
2024-05-17,futures,266200.029627,2927.72339975518,768904.0,2024,5,2
2024-05-18,futures,,,,2024,5,2
2024-05-20,futures,378315.39155,4157.892272328116,1066218.0,2024,5,2
2024-05-21,futures,371386.167333,4096.75685970898,1135601.0,2024,5,2
2024-05-22,futures,318560.165957,3523.5760247079356,920933.0,2024,5,2
2024-05-23,futures,352021.616571,3903.1676537193684,1078951.0,2024,5,2
2024-05-24,futures,370545.934792,4105.835822295305,1128955.0,2024,5,2
2024-05-27,futures,292109.311057,3256.419669630535,933656.0,2024,5,2
2024-05-28,futures,327859.177649,3696.887165490973,981086.0,2024,5,2
2024-05-29,futures,344982.402833,3900.861092104594,1012794.0,2024,5,2
2024-05-30,futures,323582.471342,3625.2124028192147,964026.0,2024,5,2
2024-05-31,futures,346419.125779,3858.2368450074564,1015130.0,2024,5,2
2024-06-03,futures,497483.240206,5515.8550440562585,1496141.0,2024,6,2
2024-06-04,futures,386597.760873,4325.545153571169,1073123.0,2024,6,2
2024-06-05,futures,336061.647135,3786.2944062692236,996699.0,2024,6,2
2024-06-06,futures,378941.165956,4270.067542403058,1018434.0,2024,6,2
2024-06-07,futures,463652.586483,5223.642372983898,1227010.0,2024,6,2
2024-06-10,futures,365177.22558,4114.181580340827,995073.0,2024,6,2
2024-06-11,futures,370471.82504,4162.8667089165165,1139138.0,2024,6,2
2024-06-13,futures,612702.287305,6882.640435951356,1609481.0,2024,6,2
2024-06-14,futures,408092.779767,4626.4826293193355,1059213.0,2024,6,2
2024-06-17,futures,452485.58617,5080.351674492342,1216287.0,2024,6,2
2024-06-18,futures,581594.205476,6531.1045321331085,1502734.0,2024,6,2
2024-06-19,futures,636056.741188,7308.02341562169,1954318.0,2024,6,2
2024-06-20,futures,604077.711327,7310.793546597892,1873309.0,2024,6,2
2024-06-21,futures,534489.903077,6257.374394469056,1553789.0,2024,6,2
2024-06-24,futures,342496.233073,3893.794679062523,1099779.0,2024,6,2
2024-06-25,futures,280327.091238,3208.3949416639,1013899.0,2024,6,2
2024-06-26,futures,310675.79953,3559.6525949562883,1031331.0,2024,6,2
2024-06-27,futures,349803.347259,3983.8024023191933,1117233.0,2024,6,2
2024-06-28,futures,359799.288481,4234.726336813239,1081246.0,2024,6,2
2024-07-01,futures,250936.30568,2926.439166861034,851632.0,2024,7,3
2024-07-02,futures,263645.817365,3020.094772398198,890763.0,2024,7,3
2024-07-03,futures,249265.29827,2832.8145170986945,860148.0,2024,7,3
2024-07-04,futures,205219.754605,2333.3525252243876,778900.0,2024,7,3
2024-07-05,futures,287342.33671,3260.7887689016743,977918.0,2024,7,3
2024-07-08,futures,250619.768214,2843.5960394078165,876269.0,2024,7,3
2024-07-09,futures,261514.222114,2966.0630757592253,892162.0,2024,7,3
2024-07-10,futures,286378.371502,3254.185040095178,1044092.0,2024,7,3
2024-07-11,futures,296083.889219,3370.13889027501,1115306.0,2024,7,3
2024-07-12,futures,242329.589104,2754.120892667182,834521.0,2024,7,3
2024-07-15,futures,281483.879475,3208.0603796669125,894672.0,2024,7,3
2024-07-16,futures,287377.128064,3272.8009965413057,1013112.0,2024,7,3
2024-07-17,futures,280128.294975,3173.0933342886015,930483.0,2024,7,3
2024-07-18,futures,257671.906714,2925.1912504200386,864434.0,2024,7,3
2024-07-19,futures,288132.213778,3278.872287101965,906680.0,2024,7,3
2024-07-22,futures,241201.515243,2740.28483381163,818749.0,2024,7,3
2024-07-23,futures,257912.983127,2938.158054772985,827323.0,2024,7,3
2024-07-24,futures,226252.1462,2591.6923011718345,771996.0,2024,7,3
2024-07-25,futures,306464.030356,3540.8818276098723,1013027.0,2024,7,3
2024-07-26,futures,378705.804968,4433.9750025523945,1199509.0,2024,7,3
2024-07-29,futures,284466.521586,3324.566371600538,1019546.0,2024,7,3
2024-07-30,futures,242457.760815,2801.1858395316754,876753.0,2024,7,3
2024-07-31,futures,308386.746559,3572.1851796478627,997608.0,2024,7,3
2024-08-01,futures,300139.069042,3485.567367932077,948649.0,2024,8,3
2024-08-02,futures,359288.955577,4188.3321762744035,1144547.0,2024,8,3
2024-08-05,futures,408902.797558,4771.194243778471,1394617.0,2024,8,3
2024-08-06,futures,318278.399334,3746.783578650713,1092687.0,2024,8,3
2024-08-07,futures,276157.489636,3242.6323805430898,1050897.0,2024,8,3
2024-08-08,futures,326966.862738,3803.96167193497,1112807.0,2024,8,3
2024-08-09,futures,291886.595281,3371.990689701382,1003416.0,2024,8,3
2024-08-12,futures,340563.600991,3870.39277424084,1116286.0,2024,8,3
2024-08-13,futures,405733.544391,4510.78178260652,1276868.0,2024,8,3
2024-08-14,futures,378459.31541,4084.4224363042204,1134398.0,2024,8,3
2024-08-15,futures,357553.565679,3972.574627983846,1059979.0,2024,8,3
2024-08-16,futures,302092.634686,3402.097331929366,892055.0,2024,8,3
2024-08-19,futures,298992.456056,3363.010184396589,1007706.0,2024,8,3
2024-08-20,futures,337033.629402,3763.938914150551,1095101.0,2024,8,3
2024-08-21,futures,302884.485132,3339.6161740085386,968895.0,2024,8,3
2024-08-22,futures,396490.553507,4324.429996084471,1192007.0,2024,8,3
2024-08-23,futures,421958.355479,4622.271199411533,1313418.0,2024,8,3
2024-08-26,futures,401791.364722,4386.311147910726,1297560.0,2024,8,3
2024-08-27,futures,321283.124177,3500.7886087856646,981066.0,2024,8,3
2024-08-28,futures,351050.268615,3837.424381481558,1195258.0,2024,8,3
2024-08-29,futures,365239.669632,3994.0955660949926,1189974.0,2024,8,3
2024-08-30,futures,351170.153171,3839.822001371169,1233677.0,2024,8,3
2024-09-02,futures,360549.473554,3953.965634872591,1225670.0,2024,9,3
2024-09-03,futures,448763.284312,4986.1866918811165,1496346.0,2024,9,3
2024-09-04,futures,487197.992978,5498.116424426543,1457869.0,2024,9,3
2024-09-05,futures,398336.459057,4479.27397037855,1372171.0,2024,9,3
2024-09-06,futures,357240.855249,3982.422882812883,1148007.0,2024,9,3
2024-09-09,futures,328658.319243,3658.975415324668,1134411.0,2024,9,3
2024-09-10,futures,357214.452576,3952.129965558559,1217536.0,2024,9,3
2024-09-11,futures,389200.005674,4271.632886238691,1165606.0,2024,9,3
2024-09-12,futures,444189.193564,4867.010721095531,1361911.0,2024,9,3
2024-09-13,futures,449008.439423,4928.223144685083,1608932.0,2024,9,3
2024-09-16,futures,456952.866934,5025.077027244885,1532192.0,2024,9,3
2024-09-17,futures,468789.237241,5143.487022392456,1486264.0,2024,9,3
2024-09-18,futures,640077.017398,7000.7942473301755,1662169.0,2024,9,3
2024-09-19,futures,699116.447102,7626.347719916397,1619594.0,2024,9,3
2024-09-20,futures,357092.437159,3852.2877653992286,997369.0,2024,9,3
2024-09-23,futures,333876.018232,3606.164491709222,1018754.0,2024,9,3
2024-09-24,futures,363444.795718,3911.3731781962974,1227348.0,2024,9,3
2024-09-25,futures,361239.062885,3890.0549726907184,1176217.0,2024,9,3
2024-09-26,futures,383509.20944,4151.071669913841,1170750.0,2024,9,3
2024-09-27,futures,309471.737188,3348.993015581003,889191.0,2024,9,3
2024-09-30,futures,351590.163644,3792.258696703577,1097083.0,2024,9,3
2024-10-01,futures,409010.139502,4387.4804311638545,1211102.0,2024,10,4
2024-10-02,futures,402342.792137,4309.672027783342,1182198.0,2024,10,4
2024-10-03,futures,461138.224025,4879.490738359925,1286734.0,2024,10,4
2024-10-04,futures,365024.747649,3841.306372863484,997936.0,2024,10,4
2024-10-07,futures,366596.515926,3864.1985445978703,1004730.0,2024,10,4
2024-10-08,futures,394907.307923,4110.838692623424,1087531.0,2024,10,4
2024-10-09,futures,368118.884853,3830.2666570906244,1058760.0,2024,10,4
2024-10-10,futures,339796.156889,3504.9212506975364,953649.0,2024,10,4
2024-10-11,futures,322865.897045,3320.3197165449396,951293.0,2024,10,4
2024-10-14,futures,284125.704813,2957.5293572821915,961746.0,2024,10,4
2024-10-15,futures,294991.044547,3069.558777040252,992373.0,2024,10,4
2024-10-16,futures,335752.772641,3460.937064974369,1097881.0,2024,10,4
2024-10-17,futures,302140.194556,3106.6228228360383,939887.0,2024,10,4
2024-10-18,futures,338714.436478,3486.5457851135884,962536.0,2024,10,4
2024-10-21,futures,296982.729567,3080.184132779214,910527.0,2024,10,4
2024-10-22,futures,261706.02569,2723.4830818045966,864770.0,2024,10,4
2024-10-23,futures,290656.009603,3009.1168153300796,967093.0,2024,10,4
2024-10-24,futures,334761.744527,3464.0833930269596,1083594.0,2024,10,4
2024-10-25,futures,432227.829401,4467.923669798078,1354023.0,2024,10,4
2024-10-28,futures,418860.399375,4333.081945043588,1360213.0,2024,10,4
2024-10-29,futures,351305.521193,3613.139166851795,1205282.0,2024,10,4
2024-10-30,futures,321127.692362,3299.5023160488295,1051721.0,2024,10,4
2024-10-31,futures,392641.687588,4045.6419439687597,1203173.0,2024,10,4
2024-11-01,futures,332267.110732,3424.636226322527,1013399.0,2024,11,4
2024-11-02,futures,134070.877422,1375.9298259034772,489856.0,2024,11,4
2024-11-05,futures,253828.173444,2602.0341737305725,764814.0,2024,11,4
2024-11-06,futures,480843.150614,4903.750610507035,1393776.0,2024,11,4
2024-11-07,futures,358702.16614,3651.8939047235085,1071976.0,2024,11,4
2024-11-08,futures,397911.008621,4057.3106924971908,1193391.0,2024,11,4
2024-11-11,futures,416547.30451,4257.716472476197,1256884.0,2024,11,4
2024-11-12,futures,361551.495405,3690.995818539125,1033436.0,2024,11,4
2024-11-13,futures,358344.39082,3658.2216162579284,1050593.0,2024,11,4
2024-11-14,futures,429252.519444,4363.843488573761,1188359.0,2024,11,4
2024-11-15,futures,439716.282658,4440.77119976166,1168052.0,2024,11,4
2024-11-18,futures,381036.615219,3810.4766560130242,1099890.0,2024,11,4
2024-11-19,futures,387890.344312,3881.1156790570626,1173656.0,2024,11,4
2024-11-20,futures,398451.608579,3983.1299565651148,1230184.0,2024,11,4
2024-11-21,futures,449780.675035,4487.9691220345,1440561.0,2024,11,4
2024-11-22,futures,554269.218764,5505.2673799908225,1560023.0,2024,11,4
2024-11-25,futures,553143.539893,5392.518724079001,1533945.0,2024,11,4
2024-11-26,futures,620223.008039,5975.703126279014,1753681.0,2024,11,4
2024-11-27,futures,1032348.624802,9826.239237638538,2674014.0,2024,11,4
2024-11-28,futures,577054.187966,5342.579862365105,1817964.0,2024,11,4
2024-11-29,futures,469595.830327,4285.485893425883,1442970.0,2024,11,4
2024-12-02,futures,413962.941939,3842.2079446059947,1280343.0,2024,12,4
2024-12-03,futures,408132.420379,3808.0650704636682,1247864.0,2024,12,4
2024-12-04,futures,519928.742193,4896.3133447816035,1531407.0,2024,12,4
2024-12-05,futures,693323.03868,6651.467569105138,2008693.0,2024,12,4
2024-12-06,futures,675887.09756,6537.656299397293,1848642.0,2024,12,4
2024-12-09,futures,486087.774485,4889.161544384263,1426204.0,2024,12,4
2024-12-10,futures,577672.177748,5813.0007149419525,1618327.0,2024,12,4
2024-12-11,futures,590242.946593,5900.517698195785,1652382.0,2024,12,4
2024-12-12,futures,639987.292628,6197.181704278173,1809062.0,2024,12,4
2024-12-13,futures,543171.429635,5225.314378403078,1485355.0,2024,12,4
2024-12-16,futures,515602.032058,4985.009567371327,1581274.0,2024,12,4
2024-12-17,futures,552046.740371,5364.234085956517,1678179.0,2024,12,4
2024-12-18,futures,635584.631114,6170.85038737683,1707380.0,2024,12,4
2024-12-19,futures,738570.565412,7186.1953136277525,2061905.0,2024,12,4
2024-12-20,futures,611406.406082,5911.837824362047,1934312.0,2024,12,4
2024-12-23,futures,538716.9254,5263.796394114738,1643777.0,2024,12,4
2024-12-24,futures,422199.514454,4154.922234901977,1359482.0,2024,12,4
2024-12-25,futures,312286.038316,3126.8345899237934,1100115.0,2024,12,4
2024-12-26,futures,367991.635975,3694.231506839001,1181211.0,2024,12,4
2024-12-27,futures,435442.462765,4388.235985921525,1275286.0,2024,12,4
2024-12-28,futures,244845.863628,2435.596252470702,819184.0,2024,12,4
2024-12-30,futures,254691.064132,2504.8368959782533,912526.0,2024,12,4
2025-01-03,futures,256598.425861,2523.5954262355217,901091.0,2025,1,1
2025-01-06,futures,267065.086981,2626.532995091449,925966.0,2025,1,1
2025-01-08,futures,223310.620607,2196.21635987321,811585.0,2025,1,1
2025-01-09,futures,387501.375202,3811.000378659654,1300017.0,2025,1,1
2025-01-10,futures,468755.78256,4582.566641281597,1487825.0,2025,1,1
2025-01-13,futures,463612.662574,4549.030880501911,1378442.0,2025,1,1
2025-01-14,futures,386618.813385,3764.248519688321,1172113.0,2025,1,1
2025-01-15,futures,379781.178123,3671.5827657437308,1179267.0,2025,1,1
2025-01-16,futures,414816.290407,4034.8717743887137,1360359.0,2025,1,1
2025-01-17,futures,413158.864209,4035.692516512627,1295575.0,2025,1,1
2025-01-20,futures,405612.363674,3960.5283636271315,1314239.0,2025,1,1
2025-01-21,futures,415561.702677,4075.816613298234,1283064.0,2025,1,1
2025-01-22,futures,391381.433022,3916.626468024041,1122816.0,2025,1,1
2025-01-23,futures,400963.56012,4079.7916992604833,1239717.0,2025,1,1
2025-01-24,futures,450837.974553,4549.424654765292,1349111.0,2025,1,1
2025-01-27,futures,467664.052809,4759.280677778954,1411557.0,2025,1,1
2025-01-28,futures,441260.641869,4542.896695929251,1390170.0,2025,1,1
2025-01-29,futures,367121.305429,3747.443551004534,1163197.0,2025,1,1
2025-01-30,futures,477021.488385,4866.940458522679,1330531.0,2025,1,1
2025-01-31,futures,426751.166129,4354.328258099998,1304540.0,2025,1,1
2025-02-03,futures,463337.220057,4737.081117474877,1374962.0,2025,2,1
2025-02-04,futures,372366.29364,3725.7754510807627,1167259.0,2025,2,1
2025-02-05,futures,603037.313916,6120.118557689965,1668180.0,2025,2,1
2025-02-06,futures,581086.695867,5926.093929025981,1694348.0,2025,2,1
2025-02-07,futures,416372.212841,4296.465733718982,1255043.0,2025,2,1
2025-02-10,futures,389726.511504,4006.391198504876,1179124.0,2025,2,1
2025-02-11,futures,498920.681886,5155.092541761338,1459700.0,2025,2,1
2025-02-12,futures,532652.514434,5559.907835649211,1568467.0,2025,2,1
2025-02-13,futures,966052.78832,10271.857481193214,3048308.0,2025,2,1
2025-02-14,futures,855449.950425,9397.316641913276,2472152.0,2025,2,1
2025-02-17,futures,497099.747214,5504.377119385582,1522952.0,2025,2,1
2025-02-18,futures,588157.982433,6432.54675121152,1853591.0,2025,2,1
2025-02-19,futures,531037.373333,5813.866171515593,1681580.0,2025,2,1
2025-02-20,futures,561307.413409,6207.312582210141,1766794.0,2025,2,1
2025-02-21,futures,579280.797701,6544.7840274069795,1741924.0,2025,2,1
2025-02-24,futures,453044.801778,5138.449972302751,1462590.0,2025,2,1
2025-02-25,futures,538869.763196,6109.184280024714,1737868.0,2025,2,1
2025-02-26,futures,720011.898301,8311.173244709218,2160790.0,2025,2,1
2025-02-27,futures,740965.579984,8623.108210301893,2257788.0,2025,2,1
2025-02-28,futures,584890.590319,6669.470918734684,1803791.0,2025,2,1
2025-03-01,futures,,,,2025,3,1
2025-03-02,futures,,,,2025,3,1
2025-03-03,futures,612825.231217,6943.6602190086205,2027780.0,2025,3,1
2025-03-04,futures,646179.083438,7240.126111774045,2041909.0,2025,3,1
2025-03-05,futures,668549.540612,7491.187616667862,2036279.0,2025,3,1
2025-03-06,futures,533462.221853,5941.3664423563105,1663613.0,2025,3,1
2025-03-07,futures,609077.968258,6799.8397749529995,1862242.0,2025,3,1
2025-03-10,futures,556019.611388,6237.865327308097,1792514.0,2025,3,1
2025-03-11,futures,568043.349194,6426.7603136427,1861211.0,2025,3,1
2025-03-12,futures,601423.209169,6947.496204311347,1942089.0,2025,3,1
2025-03-13,futures,666490.995079,7694.388332067272,2153341.0,2025,3,1
2025-03-14,futures,621531.007545,7175.458127489351,2069242.0,2025,3,1
2025-03-15,futures,,,,2025,3,1
2025-03-16,futures,,,,2025,3,1
2025-03-17,futures,621655.971838,7264.9331634673135,2045183.0,2025,3,1
2025-03-18,futures,819513.618568,9720.714903322307,2652571.0,2025,3,1
2025-03-19,futures,800100.426903,9816.96633574964,2628990.0,2025,3,1
2025-03-20,futures,697825.50257,8422.890191034983,2014305.0,2025,3,1
2025-03-21,futures,415883.400603,4927.791180844951,1432591.0,2025,3,1
2025-03-22,futures,,,,2025,3,1
2025-03-23,futures,,,,2025,3,1
2025-03-24,futures,391302.271113,4623.136473452269,1350459.0,2025,3,1
2025-03-25,futures,415978.63982,4959.583752952355,1470401.0,2025,3,1
2025-03-26,futures,360567.331117,4282.628379045764,1259682.0,2025,3,1
2025-03-27,futures,430232.700394,5109.2576035579195,1448258.0,2025,3,1
2025-03-28,futures,533240.923761,6360.6230327179555,1672755.0,2025,3,1
2025-03-29,futures,,,,2025,3,1
2025-03-30,futures,,,,2025,3,1
2025-03-31,futures,481870.121588,5758.396697804647,1633939.0,2025,3,1
2025-04-01,futures,386086.556331,4515.827659571233,1377515.0,2025,4,2
2025-04-02,futures,382932.046238,4511.946363562454,1367848.0,2025,4,2
2025-04-03,futures,650994.931425,7699.325758821178,2017797.0,2025,4,2
2025-04-04,futures,793460.216387,9403.081383536968,2457354.0,2025,4,2
2025-04-05,futures,,,,2025,4,2
2025-04-06,futures,,,,2025,4,2
2025-04-07,futures,773633.311013,9179.60581381248,2747289.0,2025,4,2
2025-04-08,futures,480466.255476,5574.559375559091,1699127.0,2025,4,2
2025-04-09,futures,632616.986185,7402.137110026315,2380962.0,2025,4,2
2025-04-10,futures,700549.040286,8137.185791133471,2505663.0,2025,4,2
2025-04-11,futures,630318.833376,7414.128808564045,2189284.0,2025,4,2
2025-04-12,futures,,,,2025,4,2
2025-04-13,futures,,,,2025,4,2
2025-04-14,futures,468984.866422,5582.887319913337,1681398.0,2025,4,2
2025-04-15,futures,419940.96494,5073.766810000592,1562442.0,2025,4,2
2025-04-16,futures,491980.450729,5977.869469843974,1668495.0,2025,4,2
2025-04-17,futures,521338.177826,6312.425569275401,1773799.0,2025,4,2
2025-04-18,futures,515730.889423,6287.867464313583,1786191.0,2025,4,2
2025-04-19,futures,,,,2025,4,2
2025-04-20,futures,,,,2025,4,2
2025-04-21,futures,361331.819338,4453.3489530436755,1345760.0,2025,4,2
2025-04-22,futures,475759.06207,5891.045435656646,1611497.0,2025,4,2
2025-04-23,futures,651154.210725,7993.349177837518,2102003.0,2025,4,2
2025-04-24,futures,422910.695852,5134.673355519482,1462475.0,2025,4,2
2025-04-25,futures,435515.834431,5256.304432526833,1520899.0,2025,4,2
2025-04-26,futures,,,,2025,4,2
2025-04-27,futures,,,,2025,4,2
2025-04-28,futures,476440.164645,5764.2095585984625,1740075.0,2025,4,2
2025-04-29,futures,376577.291805,4561.990870682898,1391792.0,2025,4,2
2025-04-30,futures,492866.100477,6042.869444407663,1724571.0,2025,4,2
2025-05-02,futures,352931.714489,4330.806514020172,1360848.0,2025,5,2
2025-05-03,futures,,,,2025,5,2
2025-05-04,futures,,,,2025,5,2
2025-05-05,futures,462957.478149,5680.926875571366,1740552.0,2025,5,2
2025-05-06,futures,420124.591041,5128.868443752388,1546950.0,2025,5,2
2025-05-07,futures,437069.750342,5398.295427891765,1553339.0,2025,5,2
2025-05-08,futures,338432.055862,4185.345454457763,1275396.0,2025,5,2
2025-05-10,futures,,,,2025,5,2
2025-05-11,futures,,,,2025,5,2
2025-05-12,futures,462533.400603,5720.090730820221,1602019.0,2025,5,2
2025-05-13,futures,354238.227301,4379.350626740827,1194356.0,2025,5,2
2025-05-14,futures,362119.519177,4495.5868302545005,1293278.0,2025,5,2
2025-05-15,futures,447147.983752,5573.764158870758,1614769.0,2025,5,2
2025-05-16,futures,496414.345369,6180.965385215916,1658862.0,2025,5,2
2025-05-17,futures,,,,2025,5,2
2025-05-18,futures,,,,2025,5,2
2025-05-19,futures,350237.809319,4336.2953973497215,1263793.0,2025,5,2
2025-05-20,futures,430497.779258,5353.537758590886,1573187.0,2025,5,2
2025-05-21,futures,526567.86935,6556.8953005634585,1719284.0,2025,5,2
2025-05-22,futures,489302.434706,6135.222934635688,1671490.0,2025,5,2
2025-05-23,futures,368710.361868,4624.156580653334,1343870.0,2025,5,2
2025-05-24,futures,,,,2025,5,2
2025-05-25,futures,,,,2025,5,2
2025-05-26,futures,288736.829266,3622.3049983941946,1089058.0,2025,5,2
2025-05-27,futures,324803.864055,4077.4385762150573,1182782.0,2025,5,2
2025-05-28,futures,402398.765663,5054.143376125379,1312445.0,2025,5,2
2025-05-29,futures,485803.132207,6102.770753206195,1521432.0,2025,5,2
2025-05-30,futures,389630.170506,4963.631355414857,1317040.0,2025,5,2
2025-05-31,futures,,,,2025,5,2
2025-06-01,futures,,,,2025,6,2
2025-06-02,futures,467663.430279,5948.62224985404,1615582.0,2025,6,2
2025-06-03,futures,422384.274586,5337.953766165161,1443596.0,2025,6,2
2025-06-04,futures,569431.371146,7221.255383571598,1709078.0,2025,6,2
2025-06-05,futures,428645.55776,5460.279070857617,1388431.0,2025,6,2
2025-06-06,futures,659050.867432,8329.005290620671,2110520.0,2025,6,2
2025-06-07,futures,,,,2025,6,2
2025-06-08,futures,,,,2025,6,2
2025-06-09,futures,419130.217633,5294.033464986239,1501460.0,2025,6,2
2025-06-10,futures,497705.634794,6287.790237472886,1577506.0,2025,6,2
2025-06-11,futures,593903.431991,7555.994468099993,1804232.0,2025,6,2
2025-06-13,futures,374512.496239,4740.496491757254,1373824.0,2025,6,2
2025-06-14,futures,,,,2025,6,2
2025-06-15,futures,,,,2025,6,2
2025-06-16,futures,584866.556815,7403.111748127915,1823136.0,2025,6,2
2025-06-17,futures,542293.478345,6907.607609860051,1735490.0,2025,6,2
2025-06-18,futures,624155.106335,7929.454367230526,2078795.0,2025,6,2
2025-06-19,futures,561822.518664,7137.208783115297,1590009.0,2025,6,2
2025-06-20,futures,372292.980103,4743.5586165188015,1311628.0,2025,6,2
2025-06-21,futures,,,,2025,6,2
2025-06-22,futures,,,,2025,6,2
2025-06-23,futures,395309.197234,5035.683313894239,1430055.0,2025,6,2
2025-06-24,futures,574809.953678,7341.845285909343,1934175.0,2025,6,2
2025-06-25,futures,295660.995202,3771.7057349992087,1087465.0,2025,6,2
2025-06-26,futures,315592.131565,4035.9166089910086,1103433.0,2025,6,2
2025-06-27,futures,317507.096778,4059.585672961974,1105578.0,2025,6,2
2025-06-28,futures,,,,2025,6,2
2025-06-29,futures,,,,2025,6,2
2025-06-30,futures,311341.031826,3967.719936356627,1156608.0,2025,6,2
2025-07-01,futures,323388.154486,4118.104462665736,1158409.0,2025,7,3
2025-07-02,futures,267723.11848,3414.047502808663,1080973.0,2025,7,3
2025-07-03,futures,368792.137585,4688.790622028124,1211873.0,2025,7,3
2025-07-04,futures,292720.443932,3715.5233029926467,891628.0,2025,7,3
2025-07-05,futures,,,,2025,7,3
2025-07-06,futures,,,,2025,7,3
2025-07-07,futures,387796.607222,4919.066906770308,1242848.0,2025,7,3
2025-07-08,futures,322955.933861,4102.668799087889,1108349.0,2025,7,3
2025-07-09,futures,349955.761516,4476.958168615882,1269134.0,2025,7,3
2025-07-10,futures,321561.190395,4113.471715765222,1094587.0,2025,7,3
2025-07-11,futures,488193.246468,6266.6889996136215,1450848.0,2025,7,3
2025-07-12,futures,,,,2025,7,3
2025-07-13,futures,,,,2025,7,3
2025-07-14,futures,453422.736242,5821.657898350784,1501815.0,2025,7,3
2025-07-15,futures,407741.543927,5202.629809128747,1285267.0,2025,7,3
2025-07-16,futures,351579.76461,4509.838126616247,1133312.0,2025,7,3
2025-07-17,futures,340152.481285,4363.250720383281,1147925.0,2025,7,3
2025-07-18,futures,365126.477919,4669.99649448236,1296334.0,2025,7,3
2025-07-19,futures,,,,2025,7,3
2025-07-20,futures,,,,2025,7,3
2025-07-21,futures,316780.841595,4045.0659035101494,1227903.0,2025,7,3
2025-07-22,futures,317704.437848,4056.10856287838,1115986.0,2025,7,3
2025-07-23,futures,324498.121119,4155.533372763106,1084051.0,2025,7,3
2025-07-24,futures,429320.13461,5472.692438529109,1280779.0,2025,7,3
2025-07-25,futures,438392.982595,5558.9677525890065,1392003.0,2025,7,3
2025-07-26,futures,,,,2025,7,3
2025-07-27,futures,,,,2025,7,3
2025-07-28,futures,555234.489401,6979.454995254718,1622926.0,2025,7,3
2025-07-29,futures,495488.062387,6226.429630062003,1464105.0,2025,7,3
2025-07-30,futures,519799.090062,6322.074758993283,1470777.0,2025,7,3
2025-07-31,futures,564124.689597,6893.465603185446,1629046.0,2025,7,3
2025-08-01,futures,367270.324429,4572.799349932704,1159518.0,2025,8,3
2025-08-02,futures,,,,2025,8,3
2025-08-03,futures,,,,2025,8,3
2025-08-04,futures,332832.112202,4143.366985007886,1120236.0,2025,8,3
2025-08-05,futures,374014.108049,4694.329213804824,1120935.0,2025,8,3
2025-08-06,futures,401625.363892,5017.243986708141,1186758.0,2025,8,3
2025-08-07,futures,781281.263601,9742.706370022222,2297782.0,2025,8,3
2025-08-08,futures,572090.540807,7206.55920860065,1563357.0,2025,8,3
2025-08-09,futures,,,,2025,8,3
2025-08-10,futures,,,,2025,8,3
2025-08-11,futures,451646.179253,5661.173774411002,1352257.0,2025,8,3
2025-08-12,futures,343088.29781,4306.49181299322,1102620.0,2025,8,3
2025-08-13,futures,292959.285445,3667.8871967312457,1026077.0,2025,8,3
2025-08-14,futures,370100.506837,4649.31694752221,1186023.0,2025,8,3
2025-08-15,futures,358358.263156,4492.658626696069,1123645.0,2025,8,3
2025-08-16,futures,,,,2025,8,3
2025-08-17,futures,,,,2025,8,3
2025-08-18,futures,412121.524214,5150.07703110629,1385869.0,2025,8,3
2025-08-19,futures,376751.311902,4684.470018277762,1333569.0,2025,8,3
2025-08-20,futures,317430.987438,3950.770629223888,1104280.0,2025,8,3
2025-08-21,futures,378568.992962,4725.939154005081,1287612.0,2025,8,3
2025-08-22,futures,417151.947749,5197.844213043955,1381198.0,2025,8,3
2025-08-23,futures,,,,2025,8,3
2025-08-24,futures,,,,2025,8,3
2025-08-25,futures,500070.628884,6192.840463803007,1553093.0,2025,8,3
2025-08-26,futures,404125.843592,5008.7358316993905,1176706.0,2025,8,3
2025-08-27,futures,390102.519372,4844.38124167358,1102062.0,2025,8,3
2025-08-28,futures,376934.559236,4685.787159161683,1108201.0,2025,8,3
2025-08-29,futures,517007.237201,6439.103833778792,1358098.0,2025,8,3
2025-08-30,futures,,,,2025,8,3
2025-08-31,futures,,,,2025,8,3
2025-09-01,futures,403471.654635,5022.577100854459,1153552.0,2025,9,3
2025-09-02,futures,445882.107281,5543.997623669431,1292448.0,2025,9,3
2025-09-03,futures,476132.010505,5907.733517278431,1301139.0,2025,9,3
2025-09-04,futures,548536.678755,6784.722577886128,1375979.0,2025,9,3
2025-09-05,futures,446990.173365,5498.189658071507,1192502.0,2025,9,3
2025-09-06,futures,,,,2025,9,3
2025-09-07,futures,,,,2025,9,3
2025-09-08,futures,520185.994354,6378.2989071749835,1299346.0,2025,9,3
2025-09-09,futures,598197.423344,7264.993962134912,1438809.0,2025,9,3
2025-09-10,futures,797978.49715,9586.190913896147,1755459.0,2025,9,3
2025-09-11,futures,723431.995105,8518.872166104773,1842562.0,2025,9,3
2025-09-12,futures,812418.616699,9483.703517306429,2052169.0,2025,9,3
2025-09-13,futures,,,,2025,9,3
2025-09-14,futures,,,,2025,9,3
2025-09-15,futures,687303.439888,8145.355166615706,2073246.0,2025,9,3
2025-09-16,futures,812505.557205,9780.762631903968,2158244.0,2025,9,3
2025-09-17,futures,637669.188599,7697.981051681699,1760049.0,2025,9,3
2025-09-18,futures,850861.951056,10251.509373713083,1919718.0,2025,9,3
2025-09-19,futures,482254.333378,5798.242608770928,1339536.0,2025,9,3
2025-09-20,futures,,,,2025,9,3
2025-09-22,futures,506984.198384,6065.100757790368,1465940.0,2025,9,3
2025-09-23,futures,435880.173394,5187.900933769427,1241079.0,2025,9,3
2025-09-24,futures,612720.421035,7351.121899962328,1709148.0,2025,9,3
2025-09-25,futures,488216.697387,5812.698649945113,1337900.0,2025,9,3
2025-09-26,futures,591342.06877,7072.885955226184,1416556.0,2025,9,3
2025-09-27,futures,,,,2025,9,3
2025-09-28,futures,,,,2025,9,3
2025-09-29,futures,527283.416512,6306.327773256885,1473870.0,2025,9,3
2025-09-30,futures,624856.350781,7540.418098038317,1631687.0,2025,9,3
2025-10-01,futures,623203.789957,7544.0728782666165,1561833.0,2025,10,4
2025-10-02,futures,575084.125046,7056.532657714974,1560578.0,2025,10,4
2025-10-03,futures,652317.518218,8052.457683057951,1561550.0,2025,10,4
2025-10-04,futures,,,,2025,10,4
2025-10-05,futures,,,,2025,10,4
2025-10-06,futures,666394.521322,8136.993235665818,1844927.0,2025,10,4
2025-10-07,futures,601332.414351,7244.968847602409,1510785.0,2025,10,4
2025-10-08,futures,667897.024867,8151.557210260829,1844128.0,2025,10,4
2025-10-09,futures,763955.940398,9368.198043331642,2154290.0,2025,10,4
2025-10-10,futures,676882.378059,8314.456255031611,1899856.0,2025,10,4
2025-10-11,futures,,,,2025,10,4
2025-10-12,futures,,,,2025,10,4
2025-10-13,futures,696900.615858,8583.598134962765,1945677.0,2025,10,4
2025-10-14,futures,653947.142612,8087.919858957044,1613235.0,2025,10,4
2025-10-15,futures,634480.129262,7935.078262232221,1564841.0,2025,10,4
2025-10-16,futures,827731.974586,10499.01666162686,1977961.0,2025,10,4
2025-10-17,futures,1146540.943552,14497.779491805539,2717448.0,2025,10,4
2025-10-18,futures,,,,2025,10,4
2025-10-19,futures,,,,2025,10,4
2025-10-20,futures,787053.086193,9718.696500677916,2029878.0,2025,10,4
2025-10-21,futures,943465.460406,11596.439700067112,2347613.0,2025,10,4
2025-10-22,futures,881312.686994,10833.92466878515,2142661.0,2025,10,4
2025-10-23,futures,801116.943733,9811.008815551791,2119274.0,2025,10,4
2025-10-24,futures,824457.770948,10144.800242995483,2122932.0,2025,10,4
2025-10-25,futures,,,,2025,10,4
2025-10-26,futures,,,,2025,10,4
2025-10-27,futures,676799.250888,8358.507902034426,1825558.0,2025,10,4
2025-10-28,futures,652100.308758,8256.022788663135,1751662.0,2025,10,4
2025-10-29,futures,524425.526978,6570.315833114082,1417683.0,2025,10,4
2025-10-30,futures,613190.503061,7715.854149739214,1643121.0,2025,10,4
2025-10-31,futures,586596.481299,7286.577900133783,1559389.0,2025,10,4
2025-11-01,futures,231743.590494,2861.8940828348295,648798.0,2025,11,4
2025-11-03,futures,262448.401547,3244.6662844048606,818863.0,2025,11,4
2025-11-05,futures,520018.505011,6429.021859268774,1534960.0,2025,11,4
2025-11-06,futures,399182.755793,4916.740126902208,1212097.0,2025,11,4
2025-11-07,futures,419408.386739,5153.925110308259,1268263.0,2025,11,4
2025-11-08,futures,,,,2025,11,4
2025-11-09,futures,,,,2025,11,4
2025-11-10,futures,506438.483487,6234.953758317872,1527855.0,2025,11,4
2025-11-11,futures,458818.976012,5663.508860432621,1330878.0,2025,11,4
2025-11-12,futures,445422.721789,5474.969600214857,1351579.0,2025,11,4
2025-11-13,futures,618324.6609,7606.854149340839,1531968.0,2025,11,4
2025-11-14,futures,729927.949405,9056.065674185185,1885984.0,2025,11,4
2025-11-15,futures,,,,2025,11,4
2025-11-16,futures,,,,2025,11,4
2025-11-17,futures,497248.833757,6129.219079043383,1480873.0,2025,11,4
2025-11-18,futures,634896.031835,7825.643617728047,1880039.0,2025,11,4
2025-11-19,futures,692657.534861,8545.556702584798,2038038.0,2025,11,4
2025-11-20,futures,638743.859479,7891.104301684604,1881519.0,2025,11,4
2025-11-21,futures,885492.314524,10968.280455035852,2660237.0,2025,11,4
2025-11-22,futures,,,,2025,11,4
2025-11-23,futures,,,,2025,11,4
2025-11-24,futures,555456.221738,7028.902667498474,1751473.0,2025,11,4
2025-11-25,futures,675725.851212,8562.140633348623,1948049.0,2025,11,4
2025-11-26,futures,461349.633911,5842.716183342515,1427679.0,2025,11,4
2025-11-27,futures,463473.897084,5897.057121132502,1468358.0,2025,11,4
2025-11-28,futures,462951.534225,5916.29085415647,1442784.0,2025,11,4
2025-11-29,futures,,,,2025,11,4
2025-11-30,futures,,,,2025,11,4
2025-12-01,futures,617842.296825,7897.928333252375,1801676.0,2025,12,4
2025-12-02,futures,576812.348058,7423.3243897316315,1586690.0,2025,12,4
2025-12-03,futures,620287.023501,8007.516139955669,1741378.0,2025,12,4
2025-12-04,futures,616380.674565,7906.817144182072,1631011.0,2025,12,4
2025-12-05,futures,769058.922771,9991.567227714926,2218357.0,2025,12,4
2025-12-06,futures,,,,2025,12,4
2025-12-07,futures,,,,2025,12,4
2025-12-08,futures,658420.022423,8652.75341352832,1934856.0,2025,12,4
2025-12-09,futures,648590.964228,8393.467914894278,1943304.0,2025,12,4
2025-12-10,futures,710349.920339,9248.336384288696,2117251.0,2025,12,4
2025-12-11,futures,878355.669286,11275.45474168098,2531667.0,2025,12,4
2025-12-12,futures,798283.055805,10061.571314838204,2161231.0,2025,12,4
2025-12-13,futures,,,,2025,12,4
2025-12-14,futures,,,,2025,12,4
2025-12-15,futures,877091.513227,11000.826709616002,2556653.0,2025,12,4
2025-12-16,futures,684909.330216,8620.687735177691,1985552.0,2025,12,4
2025-12-17,futures,903815.630687,11378.740462531883,2656219.0,2025,12,4
2025-12-18,futures,809094.114596,10065.775921284587,2142216.0,2025,12,4
2025-12-20,futures,,,,2025,12,4
2025-12-21,futures,,,,2025,12,4
2025-12-22,futures,665352.295689,8242.514998253264,1814132.0,2025,12,4
2025-12-23,futures,627053.271987,7905.899695478512,1632157.0,2025,12,4
2025-12-24,futures,791307.983248,10069.453244868615,1941011.0,2025,12,4
2025-12-25,futures,361090.75928,4603.588612488015,1062528.0,2025,12,4
2025-12-26,futures,562731.816608,7225.218613843081,1480680.0,2025,12,4
2025-12-27,futures,,,,2025,12,4
2025-12-28,futures,,,,2025,12,4
2025-12-29,futures,824351.281526,10610.463089984465,2263283.0,2025,12,4
2025-12-30,futures,622193.232947,8033.835351674573,1577550.0,2025,12,4
2026-01-03,futures,,,,2026,1,1
2026-01-04,futures,,,,2026,1,1
2026-01-05,futures,374828.773514,4791.570825741084,1177772.0,2026,1,1
2026-01-06,futures,317682.669155,4061.0516505873316,1060303.0,2026,1,1
2026-01-08,futures,381980.886534,4882.9988550456565,1239665.0,2026,1,1
2026-01-09,futures,353890.131627,4523.904646712696,1201468.0,2026,1,1
2026-01-10,futures,,,,2026,1,1
2026-01-11,futures,,,,2026,1,1
2026-01-12,futures,477753.798003,6107.298377702243,1509089.0,2026,1,1
2026-01-13,futures,498953.718908,6332.5991436618,1548113.0,2026,1,1
2026-01-14,futures,680598.55715,8631.265094917486,1947923.0,2026,1,1
2026-01-15,futures,767121.993726,9763.411658052388,2093555.0,2026,1,1
2026-01-16,futures,648925.699998,8263.621892802566,1774983.0,2026,1,1
2026-01-17,futures,,,,2026,1,1
2026-01-18,futures,,,,2026,1,1
2026-01-19,futures,473857.246934,6088.11210298433,1572530.0,2026,1,1
2026-01-20,futures,592717.07106,7622.527553994028,1852900.0,2026,1,1
2026-01-21,futures,798157.192573,10255.83384931776,2349709.0,2026,1,1
2026-01-22,futures,832749.672565,10742.953027249892,2447984.0,2026,1,1
2026-01-23,futures,787690.832929,10359.146230828714,2221365.0,2026,1,1
2026-01-24,futures,,,,2026,1,1
2026-01-25,futures,,,,2026,1,1
2026-01-26,futures,1001525.363377,13191.052219926085,2982805.0,2026,1,1
2026-01-27,futures,1123509.374277,14781.053758342641,3035674.0,2026,1,1
2026-01-28,futures,932310.927778,12178.808465603073,2526633.0,2026,1,1
2026-01-29,futures,1275686.653063,16726.763009865444,3263439.0,2026,1,1
2026-01-30,futures,1316839.213262,17321.111228554782,3645198.0,2026,1,1
2026-01-31,futures,,,,2026,1,1
2026-02-01,futures,,,,2026,2,1
2026-02-02,futures,1180717.78822,15590.594131993183,3764893.0,2026,2,1
2026-02-03,futures,668598.974785,8680.589579706137,2284994.0,2026,2,1
2026-02-04,futures,859070.775684,11159.415493344522,2668669.0,2026,2,1
2026-02-05,futures,904966.920509,11766.539685360329,3042216.0,2026,2,1
2026-02-06,futures,730785.440404,9546.224481877096,2628079.0,2026,2,1
2026-02-07,futures,,,,2026,2,1
2026-02-08,futures,,,,2026,2,1
2026-02-09,futures,580753.018795,7536.961336140888,2181721.0,2026,2,1
2026-02-10,futures,482728.558954,6216.707219736717,1649447.0,2026,2,1
2026-02-11,futures,614843.436144,7963.354528727831,2048982.0,2026,2,1
2026-02-12,futures,417301.4425,5386.981474166331,1547771.0,2026,2,1
2026-02-13,futures,736545.730886,9542.23105775509,2563794.0,2026,2,1
2026-02-14,futures,,,,2026,2,1
2026-02-15,futures,,,,2026,2,1
2026-02-16,futures,344653.160486,4464.743044650908,1340950.0,2026,2,1
2026-02-17,futures,437920.538857,5715.478560547429,1610360.0,2026,2,1
2026-02-18,futures,508830.756727,6630.675664193779,1809788.0,2026,2,1
2026-02-19,futures,506820.855882,6655.349744486058,1867273.0,2026,2,1
2026-02-20,futures,484727.544304,6324.691831394628,1730678.0,2026,2,1
2026-02-21,futures,,,,2026,2,1
2026-02-22,futures,,,,2026,2,1
2026-02-23,futures,,,,2026,2,1
2026-02-24,futures,600256.866528,7820.742763736142,2462689.0,2026,2,1
2026-02-25,futures,609867.11085,7958.158509516637,1937843.0,2026,2,1
2026-02-26,futures,519899.382764,6798.932135670178,1921031.0,2026,2,1
2026-02-27,futures,526573.052724,6827.810719200019,1846649.0,2026,2,1
2026-02-28,futures,,,,2026,2,1
2026-03-01,futures,,,,2026,3,1
2026-03-02,futures,909794.622413,11773.679787314168,3435754.0,2026,3,1
2026-03-03,futures,961897.584339,12464.107896490243,3447515.0,2026,3,1
2026-03-04,futures,892280.859999,11497.086818190603,3075999.0,2026,3,1
2026-03-05,futures,730090.230288,9384.084635113475,2599923.0,2026,3,1
2026-03-06,futures,850198.916785,10873.499383361044,2910999.0,2026,3,1
2026-03-07,futures,,,,2026,3,1
2026-03-08,futures,,,,2026,3,1
2026-03-09,futures,785633.543424,9925.881786784586,2919055.0,2026,3,1
2026-03-10,futures,1005118.047701,12698.901423891344,3315552.0,2026,3,1
2026-03-11,futures,855642.317783,10866.734372323455,2884878.0,2026,3,1
2026-03-12,futures,721778.845142,9128.583562781405,2617360.0,2026,3,1
2026-03-13,futures,852384.037192,10780.514742440282,2915023.0,2026,3,1
2026-03-14,futures,,,,2026,3,1
2026-03-15,futures,,,,2026,3,1
2026-03-16,futures,998268.045589,12443.29159579136,3643324.0,2026,3,1
2026-03-17,futures,938417.32134,11578.009114429431,2733566.0,2026,3,1
2026-03-18,futures,1170578.627608,14290.982057299265,3541224.0,2026,3,1
2026-03-19,futures,1609678.904511,19364.34859064383,4331681.0,2026,3,1
2026-03-20,futures,1212382.856591,14290.580702622294,3381675.0,2026,3,1
2026-03-21,futures,,,,2026,3,1
2026-03-22,futures,,,,2026,3,1
2026-03-23,futures,1369527.592279,16304.249284853724,4239348.0,2026,3,1
2026-03-24,futures,834639.365598,10193.906730006118,2506156.0,2026,3,1
2026-03-25,futures,671949.699896,8299.732954580262,2215811.0,2026,3,1
2026-03-26,futures,1010907.039016,12523.749479875916,2921524.0,2026,3,1
2026-03-27,futures,862020.614343,10495.627912625378,2527584.0,2026,3,1
2026-03-28,futures,,,,2026,3,1
2026-03-29,futures,,,,2026,3,1
2026-03-30,futures,720286.472244,8876.612063250284,2378486.0,2026,3,1
2026-03-31,futures,802671.356377,9873.502916852716,2400590.0,2026,3,1
2026-04-01,futures,703259.209367,8655.455349967508,2184760.0,2026,4,2
2026-04-02,futures,714269.136695,8859.327896057472,2182506.0,2026,4,2
2026-04-03,futures,355807.688929,4429.148707246816,1186642.0,2026,4,2
2026-04-04,futures,,,,2026,4,2
2026-04-05,futures,,,,2026,4,2
2026-04-06,futures,629659.576023,7897.467756809605,2219029.0,2026,4,2
2026-04-07,futures,703704.981497,8938.46741994241,2232805.0,2026,4,2
2026-04-08,futures,698516.501254,8870.095864029785,2231917.0,2026,4,2
2026-04-09,futures,597010.105587,7624.2314354001,1990709.0,2026,4,2
2026-04-10,futures,559449.327985,7187.484139659234,1676230.0,2026,4,2
2026-04-11,futures,,,,2026,4,2
2026-04-12,futures,,,,2026,4,2
2026-04-13,futures,635610.167368,8257.63737869678,2308408.0,2026,4,2
2026-04-14,futures,598443.361391,7848.5507514337905,1910563.0,2026,4,2
2026-04-15,futures,592982.082154,7817.495928372171,1916459.0,2026,4,2
2026-04-16,futures,628950.537139,8359.85752750729,1939749.0,2026,4,2
2026-04-17,futures,738467.662127,9705.684246228942,2247145.0,2026,4,2
2026-04-18,futures,,,,2026,4,2
2026-04-19,futures,,,,2026,4,2
2026-04-20,futures,590856.385582,7768.957189110297,2162215.0,2026,4,2
2026-04-21,futures,775936.534736,10313.230654279147,2234034.0,2026,4,2
2026-04-22,futures,534731.945459,7168.978363755317,1743030.0,2026,4,2
2026-04-23,futures,826859.649765,11024.868829325529,2427318.0,2026,4,2
2026-04-24,futures,675005.763843,9019.932729822582,2054037.0,2026,4,2
2026-04-25,futures,,,,2026,4,2
2026-04-26,futures,,,,2026,4,2
2026-04-27,futures,470860.430729,6234.307736791862,1691904.0,2026,4,2
2026-04-28,futures,663767.312344,8872.933710975149,1939750.0,2026,4,2
2026-04-29,futures,674665.492752,9032.30741608173,2151476.0,2026,4,2
2026-04-30,futures,641670.307413,8569.246339011706,1980716.0,2026,4,2
2026-05-02,futures,,,,2026,5,2
2026-05-03,futures,,,,2026,5,2
2026-05-04,futures,813937.185742,10881.309517495662,2798385.0,2026,5,2
2026-05-05,futures,472339.372803,6261.225958034858,1703509.0,2026,5,2
2026-05-06,futures,950862.86683,12620.15250992769,2680489.0,2026,5,2
2026-05-07,futures,652006.885471,8667.46895923674,1993832.0,2026,5,2
2026-05-08,futures,435649.376574,5838.16834926944,1470306.0,2026,5,2
2026-05-09,futures,,,,2026,5,2
2026-05-10,futures,,,,2026,5,2
2026-05-11,futures,355920.292298,4790.552050344364,1349611.0,2026,5,2
2026-05-12,futures,542720.26652,7304.808806360478,1845111.0,2026,5,2
2026-05-13,futures,589127.225264,7984.07359026831,1770938.0,2026,5,2
2026-05-14,futures,550299.276014,7503.1942954105425,1802369.0,2026,5,2
2026-05-15,futures,552491.338621,7554.042516882354,1840247.0,2026,5,2
2026-05-16,futures,,,,2026,5,2
2026-05-17,futures,,,,2026,5,2
2026-05-18,futures,610180.455953,8344.06284849065,2161921.0,2026,5,2
2026-05-19,futures,603815.109051,8345.785940383996,1917399.0,2026,5,2
2026-05-20,futures,736435.681777,10329.763282262116,2288147.0,2026,5,2
2026-05-21,futures,712349.306929,10040.032007049946,2238797.0,2026,5,2
2026-05-22,futures,672610.932026,9501.469582315067,2073206.0,2026,5,2
2026-05-23,futures,,,,2026,5,2
2026-05-24,futures,,,,2026,5,2
2026-05-25,futures,697598.649554,9796.495520987515,2402875.0,2026,5,2
2026-05-26,futures,595670.990988,8325.706412489866,2124948.0,2026,5,2
2026-05-27,futures,658779.079116,9192.09520449852,2340117.0,2026,5,2
2026-05-28,futures,663271.377075,9354.868141512416,2369572.0,2026,5,2
2026-05-29,futures,552565.190276,7742.098600645916,1866666.0,2026,5,2
2026-05-30,futures,,,,2026,5,2
