tradedate,asset,series_type,expiration_date,valtoday,voltoday,openposition,oichange,updatetime
2026-04-01,AFLT,W,2026-04-01,1766700.0,3643,0,-18788,2026-04-01 23:50:00
2026-04-01,AFLT,W,2026-04-08,3300555.0,6667,18090,12806,2026-04-01 23:50:00
2026-04-01,AFLT,W,2026-04-22,139500.0,300,600,600,2026-04-01 23:50:00
2026-04-01,AFLT,M,2026-04-15,1472310.0,3610,13884,5242,2026-04-01 23:50:00
2026-04-01,AFLT,W,2026-04-01,1766700.0,3643,0,-18788,2026-04-01 23:50:00
2026-04-01,AFLT,W,2026-04-08,3300555.0,6667,18090,12806,2026-04-01 23:50:00
2026-04-01,AFLT,W,2026-04-22,139500.0,300,600,600,2026-04-01 23:50:00
2026-04-01,AFLT,M,2026-04-15,1472310.0,3610,13884,5242,2026-04-01 23:50:00
2026-04-01,ALRS,W,2026-04-01,69000.0,1800,0,-527314,2026-04-01 23:50:00
2026-04-01,ALRS,W,2026-04-08,4889815.0,139438,393024,265600,2026-04-01 23:50:00
2026-04-01,ALRS,W,2026-04-22,32500.0,1000,2000,2000,2026-04-01 23:50:00
2026-04-01,ALRS,M,2026-04-15,910323.0,25424,381140,40636,2026-04-01 23:50:00
2026-04-01,ALRS,Q,2029-06-20,0.0,1194,6405704,0,2026-04-01 17:42:19
2026-04-01,ALRS,W,2026-04-01,69000.0,1800,0,-527314,2026-04-01 23:50:00
2026-04-01,ALRS,W,2026-04-08,4889815.0,139438,393024,265600,2026-04-01 23:50:00
2026-04-01,ALRS,W,2026-04-22,32500.0,1000,2000,2000,2026-04-01 23:50:00
2026-04-01,ALRS,M,2026-04-15,910323.0,25424,381140,40636,2026-04-01 23:50:00
2026-04-01,ALRS,Q,2029-06-20,0.0,1194,6405704,0,2026-04-01 17:42:19
2026-04-01,CHMF,W,2026-04-01,191250.0,225,0,-4630,2026-04-01 23:50:00
2026-04-01,CHMF,W,2026-04-08,435950.0,518,3126,366,2026-04-01 23:50:00
2026-04-01,CHMF,M,2026-04-15,324300.0,385,7452,126,2026-04-01 23:50:00
2026-04-01,CHMF,W,2026-04-01,191250.0,225,0,-4630,2026-04-01 23:50:00
2026-04-01,CHMF,W,2026-04-08,435950.0,518,3126,366,2026-04-01 23:50:00
2026-04-01,CHMF,M,2026-04-15,324300.0,385,7452,126,2026-04-01 23:50:00
2026-04-01,FEES,W,2026-04-01,541500.0,750,0,-6532,2026-04-01 23:50:00
2026-04-01,FEES,W,2026-04-08,290200.0,414,2910,-128,2026-04-01 23:50:00
2026-04-01,FEES,M,2026-04-15,5700.0,8,3666,16,2026-04-01 23:50:00
2026-04-01,FEES,W,2026-04-01,541500.0,750,0,-6532,2026-04-01 23:50:00
2026-04-01,FEES,W,2026-04-08,290200.0,414,2910,-128,2026-04-01 23:50:00
2026-04-01,FEES,M,2026-04-15,5700.0,8,3666,16,2026-04-01 23:50:00
2026-04-01,GMKN,W,2026-04-01,2432500.0,1664,0,-15732,2026-04-01 23:50:00
2026-04-01,GMKN,W,2026-04-08,1364800.0,972,4738,926,2026-04-01 23:50:00
2026-04-01,GMKN,M,2026-04-15,2274400.0,1579,33642,2702,2026-04-01 23:50:00
2026-04-01,GMKN,W,2026-04-01,2432500.0,1664,0,-15732,2026-04-01 23:50:00
2026-04-01,GMKN,W,2026-04-08,1364800.0,972,4738,926,2026-04-01 23:50:00
2026-04-01,GMKN,M,2026-04-15,2274400.0,1579,33642,2702,2026-04-01 23:50:00
2026-04-01,IRAO,W,2026-04-01,647500.0,2025,0,-11470,2026-04-01 23:50:00
2026-04-01,IRAO,W,2026-04-08,418680.0,1316,3022,1172,2026-04-01 23:50:00
2026-04-01,IRAO,M,2026-04-15,19600.0,62,4498,24,2026-04-01 23:50:00
2026-04-01,IRAO,W,2026-04-01,647500.0,2025,0,-11470,2026-04-01 23:50:00
2026-04-01,IRAO,W,2026-04-08,418680.0,1316,3022,1172,2026-04-01 23:50:00
2026-04-01,IRAO,M,2026-04-15,19600.0,62,4498,24,2026-04-01 23:50:00
2026-04-01,LKOH,W,2026-04-01,1897750.0,339,0,-9138,2026-04-01 23:50:00
2026-04-01,LKOH,W,2026-04-08,1694500.0,312,2192,600,2026-04-01 23:50:00
2026-04-01,LKOH,M,2026-04-15,1109750.0,195,4174,350,2026-04-01 23:50:00
2026-04-01,LKOH,Q,2026-06-17,57500.0,10,494,20,2026-04-01 23:50:00
2026-04-01,LKOH,W,2026-04-01,1897750.0,339,0,-9138,2026-04-01 23:50:00
2026-04-01,LKOH,W,2026-04-08,1694500.0,312,2192,600,2026-04-01 23:50:00
2026-04-01,LKOH,M,2026-04-15,1109750.0,195,4174,350,2026-04-01 23:50:00
2026-04-01,LKOH,Q,2026-06-17,57500.0,10,494,20,2026-04-01 23:50:00
2026-04-01,MAGN,W,2026-04-01,259946.0,9690,0,-256810,2026-04-01 23:50:00
2026-04-01,MAGN,W,2026-04-08,534318.0,19778,172796,15620,2026-04-01 23:50:00
2026-04-01,MAGN,W,2026-04-22,100000.0,4000,8000,8000,2026-04-01 23:50:00
2026-04-01,MAGN,M,2026-04-15,492046.0,18465,211964,22520,2026-04-01 23:50:00
2026-04-01,MAGN,W,2026-04-01,259946.0,9690,0,-256810,2026-04-01 23:50:00
2026-04-01,MAGN,W,2026-04-08,534318.0,19778,172796,15620,2026-04-01 23:50:00
2026-04-01,MAGN,W,2026-04-22,100000.0,4000,8000,8000,2026-04-01 23:50:00
2026-04-01,MAGN,M,2026-04-15,492046.0,18465,211964,22520,2026-04-01 23:50:00
2026-04-01,MGNT,Q,2028-06-21,0.0,4,15966,-8,2026-04-01 17:43:27
2026-04-01,MGNT,Q,2028-06-21,0.0,4,15966,-8,2026-04-01 17:43:27
2026-04-01,MOEX,W,2026-04-01,2281840.0,13190,0,-227636,2026-04-01 23:50:00
2026-04-01,MOEX,W,2026-04-08,2508590.0,15070,140212,23282,2026-04-01 23:50:00
2026-04-01,MOEX,W,2026-04-22,28800.0,205,410,410,2026-04-01 23:50:00
2026-04-01,MOEX,M,2026-04-15,2330070.0,17469,183380,22808,2026-04-01 23:50:00
2026-04-01,MOEX,M,2026-05-20,170.0,1,2,0,2026-04-01 23:50:00
2026-04-01,MOEX,Q,2028-06-21,0.0,132,559954,0,2026-04-01 18:49:50
2026-04-01,MOEX,W,2026-04-01,2281840.0,13190,0,-227636,2026-04-01 23:50:00
2026-04-01,MOEX,W,2026-04-08,2508590.0,15070,140212,23282,2026-04-01 23:50:00
2026-04-01,MOEX,W,2026-04-22,28800.0,205,410,410,2026-04-01 23:50:00
2026-04-01,MOEX,M,2026-04-15,2330070.0,17469,183380,22808,2026-04-01 23:50:00
2026-04-01,MOEX,M,2026-05-20,170.0,1,2,0,2026-04-01 23:50:00
2026-04-01,MOEX,Q,2028-06-21,0.0,132,559954,0,2026-04-01 18:49:50
2026-04-01,MTLR,W,2026-04-01,25800.0,380,0,-21630,2026-04-01 23:50:00
2026-04-01,MTLR,W,2026-04-08,42000.0,600,7544,500,2026-04-01 23:50:00
2026-04-01,MTLR,M,2026-04-15,17850.0,255,5558,510,2026-04-01 23:50:00
2026-04-01,MTLR,W,2026-04-01,25800.0,380,0,-21630,2026-04-01 23:50:00
2026-04-01,MTLR,W,2026-04-08,42000.0,600,7544,500,2026-04-01 23:50:00
2026-04-01,MTLR,M,2026-04-15,17850.0,255,5558,510,2026-04-01 23:50:00
2026-04-01,NLMK,M,2026-04-15,500.0,5,1636,0,2026-04-01 23:50:00
2026-04-01,NLMK,M,2026-04-15,500.0,5,1636,0,2026-04-01 23:50:00
2026-04-01,PIKK,W,2026-04-01,1416725.0,3004,0,-16480,2026-04-01 23:50:00
2026-04-01,PIKK,W,2026-04-08,1077350.0,2155,10466,3690,2026-04-01 23:50:00
2026-04-01,PIKK,M,2026-04-15,343000.0,690,7942,500,2026-04-01 23:50:00
2026-04-01,PIKK,W,2026-04-01,1416725.0,3004,0,-16480,2026-04-01 23:50:00
2026-04-01,PIKK,W,2026-04-08,1077350.0,2155,10466,3690,2026-04-01 23:50:00
2026-04-01,PIKK,M,2026-04-15,343000.0,690,7942,500,2026-04-01 23:50:00
2026-04-01,PLZL,W,2026-04-01,852000.0,40,0,-684,2026-04-01 23:50:00
2026-04-01,PLZL,W,2026-04-08,184400.0,9,62,12,2026-04-01 23:50:00
2026-04-01,PLZL,M,2026-04-15,680000.0,30,578,30,2026-04-01 23:50:00
2026-04-01,PLZL,Q,2029-06-20,0.0,2,13484,0,2026-04-01 17:43:38
2026-04-01,PLZL,W,2026-04-01,852000.0,40,0,-684,2026-04-01 23:50:00
2026-04-01,PLZL,W,2026-04-08,184400.0,9,62,12,2026-04-01 23:50:00
2026-04-01,PLZL,M,2026-04-15,680000.0,30,578,30,2026-04-01 23:50:00
2026-04-01,PLZL,Q,2029-06-20,0.0,2,13484,0,2026-04-01 17:43:38
2026-04-01,POSI,W,2026-04-01,94200.0,79,0,-2292,2026-04-01 23:50:00
2026-04-01,POSI,W,2026-04-08,93500.0,85,382,60,2026-04-01 23:50:00
2026-04-01,POSI,W,2026-04-22,8000.0,8,16,16,2026-04-01 23:50:00
2026-04-01,POSI,M,2026-04-15,54000.0,45,710,90,2026-04-01 23:50:00
2026-04-01,POSI,W,2026-04-01,94200.0,79,0,-2292,2026-04-01 23:50:00
2026-04-01,POSI,W,2026-04-08,93500.0,85,382,60,2026-04-01 23:50:00
2026-04-01,POSI,W,2026-04-22,8000.0,8,16,16,2026-04-01 23:50:00
2026-04-01,POSI,M,2026-04-15,54000.0,45,710,90,2026-04-01 23:50:00
2026-04-01,ROSN,W,2026-04-01,33627590.0,70248,0,-360422,2026-04-01 23:50:00
2026-04-01,ROSN,W,2026-04-08,17354080.0,36814,127290,70290,2026-04-01 23:50:00
2026-04-01,ROSN,W,2026-04-22,178300.0,355,710,710,2026-04-01 23:50:00
2026-04-01,ROSN,M,2026-04-15,9214700.0,19918,112344,27252,2026-04-01 23:50:00
2026-04-01,ROSN,Q,2026-06-17,1415540.0,3033,762852,4806,2026-04-01 23:50:00
2026-04-01,ROSN,Q,2027-06-16,0.0,205,1655622,-410,2026-04-01 18:49:52
2026-04-01,ROSN,W,2026-04-01,33627590.0,70248,0,-360422,2026-04-01 23:50:00
2026-04-01,ROSN,W,2026-04-08,17354080.0,36814,127290,70290,2026-04-01 23:50:00
2026-04-01,ROSN,W,2026-04-22,178300.0,355,710,710,2026-04-01 23:50:00
2026-04-01,ROSN,M,2026-04-15,9214700.0,19918,112344,27252,2026-04-01 23:50:00
2026-04-01,ROSN,Q,2026-06-17,1415540.0,3033,762852,4806,2026-04-01 23:50:00
2026-04-01,ROSN,Q,2027-06-16,0.0,205,1655622,-410,2026-04-01 18:49:52
2026-04-01,RTKM,W,2026-04-01,1575900.0,2570,0,-15366,2026-04-01 23:50:00
2026-04-01,RTKM,W,2026-04-08,313500.0,550,4214,1100,2026-04-01 23:50:00
2026-04-01,RTKM,M,2026-04-15,443760.0,768,14182,1456,2026-04-01 23:50:00
2026-04-01,RTKM,W,2026-04-01,1575900.0,2570,0,-15366,2026-04-01 23:50:00
2026-04-01,RTKM,W,2026-04-08,313500.0,550,4214,1100,2026-04-01 23:50:00
2026-04-01,RTKM,M,2026-04-15,443760.0,768,14182,1456,2026-04-01 23:50:00
2026-04-01,RUAL,W,2026-04-01,1454700.0,3603,0,-25354,2026-04-01 23:50:00
2026-04-01,RUAL,W,2026-04-08,518310.0,1329,13862,2058,2026-04-01 23:50:00
2026-04-01,RUAL,M,2026-04-15,283080.0,722,10066,1044,2026-04-01 23:50:00
2026-04-01,RUAL,W,2026-04-01,1454700.0,3603,0,-25354,2026-04-01 23:50:00
2026-04-01,RUAL,W,2026-04-08,518310.0,1329,13862,2058,2026-04-01 23:50:00
2026-04-01,RUAL,M,2026-04-15,283080.0,722,10066,1044,2026-04-01 23:50:00
2026-04-01,SIBN,W,2026-04-01,691130.0,1261,0,-6776,2026-04-01 23:50:00
2026-04-01,SIBN,W,2026-04-08,139950.0,265,1420,370,2026-04-01 23:50:00
2026-04-01,SIBN,M,2026-04-15,133920.0,264,4732,462,2026-04-01 23:50:00
2026-04-01,SIBN,W,2026-04-01,691130.0,1261,0,-6776,2026-04-01 23:50:00
2026-04-01,SIBN,W,2026-04-08,139950.0,265,1420,370,2026-04-01 23:50:00
2026-04-01,SIBN,M,2026-04-15,133920.0,264,4732,462,2026-04-01 23:50:00
2026-04-01,SMLT,W,2026-04-01,127500.0,170,0,-2730,2026-04-01 23:50:00
2026-04-01,SMLT,W,2026-04-08,231900.0,335,1580,586,2026-04-01 23:50:00
2026-04-01,SMLT,M,2026-04-15,252150.0,344,5542,628,2026-04-01 23:50:00
2026-04-01,SMLT,W,2026-04-01,127500.0,170,0,-2730,2026-04-01 23:50:00
2026-04-01,SMLT,W,2026-04-08,231900.0,335,1580,586,2026-04-01 23:50:00
2026-04-01,SMLT,M,2026-04-15,252150.0,344,5542,628,2026-04-01 23:50:00
2026-04-01,SPBE,W,2026-04-01,108000.0,450,0,-462,2026-04-01 23:50:00
2026-04-01,SPBE,W,2026-04-01,108000.0,450,0,-462,2026-04-01 23:50:00
2026-04-01,SVCB,W,2026-04-01,481000.0,370,0,-2862,2026-04-01 23:50:00
2026-04-01,SVCB,W,2026-04-08,62500.0,50,2100,100,2026-04-01 23:50:00
2026-04-01,SVCB,M,2026-04-15,141650.0,117,2316,124,2026-04-01 23:50:00
2026-04-01,SVCB,W,2026-04-01,481000.0,370,0,-2862,2026-04-01 23:50:00
2026-04-01,SVCB,W,2026-04-08,62500.0,50,2100,100,2026-04-01 23:50:00
2026-04-01,SVCB,M,2026-04-15,141650.0,117,2316,124,2026-04-01 23:50:00
2026-04-01,TATN,W,2026-04-01,11204675.0,16570,0,-91466,2026-04-01 23:50:00
2026-04-01,TATN,W,2026-04-08,7355700.0,11088,36290,5832,2026-04-01 23:50:00
2026-04-01,TATN,M,2026-04-15,15276450.0,23208,90380,28546,2026-04-01 23:50:00
2026-04-01,TATN,W,2026-04-01,11204675.0,16570,0,-91466,2026-04-01 23:50:00
2026-04-01,TATN,W,2026-04-08,7355700.0,11088,36290,5832,2026-04-01 23:50:00
2026-04-01,TATN,M,2026-04-15,15276450.0,23208,90380,28546,2026-04-01 23:50:00
2026-04-01,VKCO,W,2026-04-01,129000.0,450,0,-17016,2026-04-01 23:50:00
2026-04-01,VKCO,W,2026-04-08,290240.0,1033,10262,880,2026-04-01 23:50:00
2026-04-01,VKCO,W,2026-04-22,4420.0,17,34,34,2026-04-01 23:50:00
2026-04-01,VKCO,M,2026-04-15,181640.0,629,8866,938,2026-04-01 23:50:00
2026-04-01,VKCO,W,2026-04-01,129000.0,450,0,-17016,2026-04-01 23:50:00
2026-04-01,VKCO,W,2026-04-08,290240.0,1033,10262,880,2026-04-01 23:50:00
2026-04-01,VKCO,W,2026-04-22,4420.0,17,34,34,2026-04-01 23:50:00
2026-04-01,VKCO,M,2026-04-15,181640.0,629,8866,938,2026-04-01 23:50:00
2026-04-01,VTBR,W,2026-04-01,6870520.0,7980,0,-34354,2026-04-01 23:50:00
2026-04-01,VTBR,W,2026-04-08,12129440.0,13849,37806,22500,2026-04-01 23:50:00
2026-04-01,VTBR,M,2026-04-15,17583000.0,18700,47880,29624,2026-04-01 23:50:00
2026-04-01,VTBR,W,2026-04-01,6870520.0,7980,0,-34354,2026-04-01 23:50:00
2026-04-01,VTBR,W,2026-04-08,12129440.0,13849,37806,22500,2026-04-01 23:50:00
2026-04-01,VTBR,M,2026-04-15,17583000.0,18700,47880,29624,2026-04-01 23:50:00
2026-04-01,YDEX,W,2026-04-01,11388400.0,2634,0,-47752,2026-04-01 23:50:00
2026-04-01,YDEX,W,2026-04-08,6579300.0,1576,11982,2484,2026-04-01 23:50:00
2026-04-01,YDEX,W,2026-04-22,33600.0,8,16,16,2026-04-01 23:50:00
2026-04-01,YDEX,M,2026-04-15,5852300.0,1371,18096,2136,2026-04-01 23:50:00
2026-04-01,YDEX,Q,2026-06-17,1050000.0,250,2514,500,2026-04-01 23:50:00
2026-04-01,YDEX,W,2026-04-01,11388400.0,2634,0,-47752,2026-04-01 23:50:00
2026-04-01,YDEX,W,2026-04-08,6579300.0,1576,11982,2484,2026-04-01 23:50:00
2026-04-01,YDEX,W,2026-04-22,33600.0,8,16,16,2026-04-01 23:50:00
2026-04-01,YDEX,M,2026-04-15,5852300.0,1371,18096,2136,2026-04-01 23:50:00
2026-04-01,YDEX,Q,2026-06-17,1050000.0,250,2514,500,2026-04-01 23:50:00
2026-04-02,AFKS,M,2026-04-15,13533.0,1041,30038,2082,2026-04-02 23:50:00
2026-04-02,AFKS,M,2026-04-15,13533.0,1041,30038,2082,2026-04-02 23:50:00
2026-04-02,AFLT,W,2026-04-08,779415.0,1619,20578,2488,2026-04-02 23:50:00
2026-04-02,AFLT,W,2026-04-22,287010.0,626,1852,1252,2026-04-02 23:50:00
2026-04-02,AFLT,M,2026-04-15,1234080.0,2500,18072,4188,2026-04-02 23:50:00
2026-04-02,AFLT,W,2026-04-08,779415.0,1619,20578,2488,2026-04-02 23:50:00
2026-04-02,AFLT,W,2026-04-22,287010.0,626,1852,1252,2026-04-02 23:50:00
2026-04-02,AFLT,M,2026-04-15,1234080.0,2500,18072,4188,2026-04-02 23:50:00
2026-04-02,ALRS,W,2026-04-08,749415.0,21800,427300,34276,2026-04-02 23:50:00
2026-04-02,ALRS,W,2026-04-22,645500.0,18900,36600,34600,2026-04-02 23:50:00
2026-04-02,ALRS,M,2026-04-15,1164250.0,32172,434688,53548,2026-04-02 23:50:00
2026-04-02,ALRS,Q,2028-12-20,0.0,5299,9927414,0,2026-04-02 18:23:20
2026-04-02,ALRS,Q,2030-06-19,0.0,8905,62986,17810,2026-04-02 18:23:12
2026-04-02,ALRS,W,2026-04-08,749415.0,21800,427300,34276,2026-04-02 23:50:00
2026-04-02,ALRS,W,2026-04-22,645500.0,18900,36600,34600,2026-04-02 23:50:00
2026-04-02,ALRS,M,2026-04-15,1164250.0,32172,434688,53548,2026-04-02 23:50:00
2026-04-02,ALRS,Q,2028-12-20,0.0,5299,9927414,0,2026-04-02 18:23:20
2026-04-02,ALRS,Q,2030-06-19,0.0,8905,62986,17810,2026-04-02 18:23:12
2026-04-02,CHMF,W,2026-04-08,192050.0,227,3512,386,2026-04-02 23:50:00
2026-04-02,CHMF,W,2026-04-22,115000.0,150,300,300,2026-04-02 23:50:00
2026-04-02,CHMF,M,2026-04-15,78100.0,87,7514,62,2026-04-02 23:50:00
2026-04-02,CHMF,M,2026-05-20,12000.0,20,40,40,2026-04-02 23:50:00
2026-04-02,CHMF,W,2026-04-08,192050.0,227,3512,386,2026-04-02 23:50:00
2026-04-02,CHMF,W,2026-04-22,115000.0,150,300,300,2026-04-02 23:50:00
2026-04-02,CHMF,M,2026-04-15,78100.0,87,7514,62,2026-04-02 23:50:00
2026-04-02,CHMF,M,2026-05-20,12000.0,20,40,40,2026-04-02 23:50:00
2026-04-02,FEES,W,2026-04-08,452400.0,630,3970,1060,2026-04-02 23:50:00
2026-04-02,FEES,W,2026-04-22,208200.0,290,580,580,2026-04-02 23:50:00
2026-04-02,FEES,M,2026-04-15,133500.0,180,3766,100,2026-04-02 23:50:00
2026-04-02,FEES,W,2026-04-08,452400.0,630,3970,1060,2026-04-02 23:50:00
2026-04-02,FEES,W,2026-04-22,208200.0,290,580,580,2026-04-02 23:50:00
2026-04-02,FEES,M,2026-04-15,133500.0,180,3766,100,2026-04-02 23:50:00
2026-04-02,GMKN,W,2026-04-08,1643900.0,1186,6656,1918,2026-04-02 23:50:00
2026-04-02,GMKN,W,2026-04-22,788500.0,540,1080,1080,2026-04-02 23:50:00
2026-04-02,GMKN,M,2026-04-15,2098500.0,1443,35778,2136,2026-04-02 23:50:00
2026-04-02,GMKN,W,2026-04-08,1643900.0,1186,6656,1918,2026-04-02 23:50:00
2026-04-02,GMKN,W,2026-04-22,788500.0,540,1080,1080,2026-04-02 23:50:00
2026-04-02,GMKN,M,2026-04-15,2098500.0,1443,35778,2136,2026-04-02 23:50:00
2026-04-02,IRAO,W,2026-04-08,202700.0,669,4174,1152,2026-04-02 23:50:00
2026-04-02,IRAO,W,2026-04-22,17000.0,50,100,100,2026-04-02 23:50:00
2026-04-02,IRAO,M,2026-04-15,45100.0,137,4772,274,2026-04-02 23:50:00
2026-04-02,IRAO,W,2026-04-08,202700.0,669,4174,1152,2026-04-02 23:50:00
2026-04-02,IRAO,W,2026-04-22,17000.0,50,100,100,2026-04-02 23:50:00
2026-04-02,IRAO,M,2026-04-15,45100.0,137,4772,274,2026-04-02 23:50:00
2026-04-02,LKOH,W,2026-04-08,1409500.0,255,2544,352,2026-04-02 23:50:00
2026-04-02,LKOH,W,2026-04-22,1156000.0,201,362,362,2026-04-02 23:50:00
2026-04-02,LKOH,M,2026-04-15,1582500.0,276,4436,262,2026-04-02 23:50:00
2026-04-02,LKOH,Q,2026-06-17,52500.0,10,514,20,2026-04-02 23:50:00
2026-04-02,LKOH,W,2026-04-08,1409500.0,255,2544,352,2026-04-02 23:50:00
2026-04-02,LKOH,W,2026-04-22,1156000.0,201,362,362,2026-04-02 23:50:00
2026-04-02,LKOH,M,2026-04-15,1582500.0,276,4436,262,2026-04-02 23:50:00
2026-04-02,LKOH,Q,2026-06-17,52500.0,10,514,20,2026-04-02 23:50:00
2026-04-02,MAGN,W,2026-04-08,353054.0,13839,190084,17288,2026-04-02 23:50:00
2026-04-02,MAGN,W,2026-04-22,216000.0,8000,24000,16000,2026-04-02 23:50:00
2026-04-02,MAGN,M,2026-04-15,77224.0,3086,215216,3252,2026-04-02 23:50:00
2026-04-02,MAGN,W,2026-04-08,353054.0,13839,190084,17288,2026-04-02 23:50:00
2026-04-02,MAGN,W,2026-04-22,216000.0,8000,24000,16000,2026-04-02 23:50:00
2026-04-02,MAGN,M,2026-04-15,77224.0,3086,215216,3252,2026-04-02 23:50:00
2026-04-02,MGNT,M,2026-04-15,6400.0,2,66,0,2026-04-02 23:50:00
2026-04-02,MGNT,M,2026-04-15,6400.0,2,66,0,2026-04-02 23:50:00
2026-04-02,MOEX,W,2026-04-08,4368740.0,25471,185912,45700,2026-04-02 23:50:00
2026-04-02,MOEX,W,2026-04-22,2663400.0,15760,31930,31520,2026-04-02 23:50:00
2026-04-02,MOEX,M,2026-04-15,1768240.0,9829,198362,14982,2026-04-02 23:50:00
2026-04-02,MOEX,M,2026-05-20,3060.0,17,36,34,2026-04-02 23:50:00
2026-04-02,MOEX,Q,2028-06-21,21842.0,130,560214,260,2026-04-02 23:50:00
2026-04-02,MOEX,W,2026-04-08,4368740.0,25471,185912,45700,2026-04-02 23:50:00
2026-04-02,MOEX,W,2026-04-22,2663400.0,15760,31930,31520,2026-04-02 23:50:00
2026-04-02,MOEX,M,2026-04-15,1768240.0,9829,198362,14982,2026-04-02 23:50:00
2026-04-02,MOEX,M,2026-05-20,3060.0,17,36,34,2026-04-02 23:50:00
2026-04-02,MOEX,Q,2028-06-21,21842.0,130,560214,260,2026-04-02 23:50:00
2026-04-02,MSNG,W,2026-04-22,2200.0,10,20,20,2026-04-02 23:50:00
2026-04-02,MSNG,M,2026-04-15,5550.0,27,4636,54,2026-04-02 23:50:00
2026-04-02,MSNG,W,2026-04-22,2200.0,10,20,20,2026-04-02 23:50:00
2026-04-02,MSNG,M,2026-04-15,5550.0,27,4636,54,2026-04-02 23:50:00
2026-04-02,MTLR,W,2026-04-08,100500.0,1450,9644,2100,2026-04-02 23:50:00
2026-04-02,MTLR,M,2026-04-15,65170.0,931,6148,590,2026-04-02 23:50:00
2026-04-02,MTLR,W,2026-04-08,100500.0,1450,9644,2100,2026-04-02 23:50:00
2026-04-02,MTLR,M,2026-04-15,65170.0,931,6148,590,2026-04-02 23:50:00
2026-04-02,NLMK,M,2026-04-15,10000.0,100,1836,200,2026-04-02 23:50:00
2026-04-02,NLMK,M,2026-04-15,10000.0,100,1836,200,2026-04-02 23:50:00
2026-04-02,PIKK,W,2026-04-08,701925.0,1434,12922,2456,2026-04-02 23:50:00
2026-04-02,PIKK,W,2026-04-22,693775.0,1402,2804,2804,2026-04-02 23:50:00
2026-04-02,PIKK,M,2026-04-15,553800.0,1164,9484,1542,2026-04-02 23:50:00
2026-04-02,PIKK,W,2026-04-08,701925.0,1434,12922,2456,2026-04-02 23:50:00
2026-04-02,PIKK,W,2026-04-22,693775.0,1402,2804,2804,2026-04-02 23:50:00
2026-04-02,PIKK,M,2026-04-15,553800.0,1164,9484,1542,2026-04-02 23:50:00
2026-04-02,PLZL,W,2026-04-08,681200.0,31,96,34,2026-04-02 23:50:00
2026-04-02,PLZL,W,2026-04-22,442000.0,20,40,40,2026-04-02 23:50:00
2026-04-02,PLZL,Q,2028-12-20,0.0,16,22340,-32,2026-04-02 18:24:33
2026-04-02,PLZL,Q,2030-06-19,0.0,12,90,24,2026-04-02 18:24:44
2026-04-02,PLZL,W,2026-04-08,681200.0,31,96,34,2026-04-02 23:50:00
2026-04-02,PLZL,W,2026-04-22,442000.0,20,40,40,2026-04-02 23:50:00
2026-04-02,PLZL,Q,2028-12-20,0.0,16,22340,-32,2026-04-02 18:24:33
2026-04-02,PLZL,Q,2030-06-19,0.0,12,90,24,2026-04-02 18:24:44
2026-04-02,POSI,W,2026-04-08,7700.0,7,384,2,2026-04-02 23:50:00
2026-04-02,POSI,W,2026-04-22,30000.0,25,66,50,2026-04-02 23:50:00
2026-04-02,POSI,M,2026-04-15,18900.0,18,746,36,2026-04-02 23:50:00
2026-04-02,POSI,W,2026-04-08,7700.0,7,384,2,2026-04-02 23:50:00
2026-04-02,POSI,W,2026-04-22,30000.0,25,66,50,2026-04-02 23:50:00
2026-04-02,POSI,M,2026-04-15,18900.0,18,746,36,2026-04-02 23:50:00
2026-04-02,ROSN,W,2026-04-08,4759340.0,10071,145574,18084,2026-04-02 23:50:00
2026-04-02,ROSN,W,2026-04-22,1119750.0,2394,5348,4438,2026-04-02 23:50:00
2026-04-02,ROSN,M,2026-04-15,5615890.0,12542,120704,7760,2026-04-02 23:50:00
2026-04-02,ROSN,M,2026-09-16,150000.0,300,1000240,0,2026-04-02 23:50:00
2026-04-02,ROSN,Q,2026-06-17,984900.0,2154,767036,4184,2026-04-02 23:50:00
2026-04-02,ROSN,Q,2026-12-16,372000.0,600,1430558,1200,2026-04-02 23:50:00
2026-04-02,ROSN,Q,2027-12-15,0.0,942,883896,-60,2026-04-02 18:49:54
2026-04-02,ROSN,Q,2028-09-20,0.0,110,137408,0,2026-04-02 18:23:44
2026-04-02,ROSN,W,2026-04-08,4759340.0,10071,145574,18084,2026-04-02 23:50:00
2026-04-02,ROSN,W,2026-04-22,1119750.0,2394,5348,4438,2026-04-02 23:50:00
2026-04-02,ROSN,M,2026-04-15,5615890.0,12542,120704,7760,2026-04-02 23:50:00
2026-04-02,ROSN,M,2026-09-16,150000.0,300,1000240,0,2026-04-02 23:50:00
2026-04-02,ROSN,Q,2026-06-17,984900.0,2154,767036,4184,2026-04-02 23:50:00
2026-04-02,ROSN,Q,2026-12-16,372000.0,600,1430558,1200,2026-04-02 23:50:00
2026-04-02,ROSN,Q,2027-12-15,0.0,942,883896,-60,2026-04-02 18:49:54
2026-04-02,ROSN,Q,2028-09-20,0.0,110,137408,0,2026-04-02 18:23:44
2026-04-02,RTKM,W,2026-04-08,142500.0,250,4414,200,2026-04-02 23:50:00
2026-04-02,RTKM,W,2026-04-22,310500.0,550,1100,1100,2026-04-02 23:50:00
2026-04-02,RTKM,M,2026-04-15,176130.0,309,14200,18,2026-04-02 23:50:00
2026-04-02,RTKM,W,2026-04-08,142500.0,250,4414,200,2026-04-02 23:50:00
2026-04-02,RTKM,W,2026-04-22,310500.0,550,1100,1100,2026-04-02 23:50:00
2026-04-02,RTKM,M,2026-04-15,176130.0,309,14200,18,2026-04-02 23:50:00
2026-04-02,RUAL,W,2026-04-08,1294665.0,3130,16754,2892,2026-04-02 23:50:00
2026-04-02,RUAL,W,2026-04-22,227895.0,577,1154,1154,2026-04-02 23:50:00
2026-04-02,RUAL,M,2026-04-15,1802910.0,4331,17468,7402,2026-04-02 23:50:00
2026-04-02,RUAL,W,2026-04-08,1294665.0,3130,16754,2892,2026-04-02 23:50:00
2026-04-02,RUAL,W,2026-04-22,227895.0,577,1154,1154,2026-04-02 23:50:00
2026-04-02,RUAL,M,2026-04-15,1802910.0,4331,17468,7402,2026-04-02 23:50:00
2026-04-02,SIBN,W,2026-04-08,357720.0,682,2444,1024,2026-04-02 23:50:00
2026-04-02,SIBN,W,2026-04-22,43550.0,85,170,170,2026-04-02 23:50:00
2026-04-02,SIBN,M,2026-04-15,330880.0,629,5770,1038,2026-04-02 23:50:00
2026-04-02,SIBN,W,2026-04-08,357720.0,682,2444,1024,2026-04-02 23:50:00
2026-04-02,SIBN,W,2026-04-22,43550.0,85,170,170,2026-04-02 23:50:00
2026-04-02,SIBN,M,2026-04-15,330880.0,629,5770,1038,2026-04-02 23:50:00
2026-04-02,SMLT,W,2026-04-08,300750.0,469,2356,776,2026-04-02 23:50:00
2026-04-02,SMLT,W,2026-04-22,104850.0,154,308,308,2026-04-02 23:50:00
2026-04-02,SMLT,M,2026-04-15,184650.0,260,5784,242,2026-04-02 23:50:00
2026-04-02,SMLT,W,2026-04-08,300750.0,469,2356,776,2026-04-02 23:50:00
2026-04-02,SMLT,W,2026-04-22,104850.0,154,308,308,2026-04-02 23:50:00
2026-04-02,SMLT,M,2026-04-15,184650.0,260,5784,242,2026-04-02 23:50:00
2026-04-02,SPBE,W,2026-04-08,48000.0,200,400,400,2026-04-02 23:50:00
2026-04-02,SPBE,W,2026-04-08,48000.0,200,400,400,2026-04-02 23:50:00
2026-04-02,SVCB,W,2026-04-08,254200.0,202,2414,314,2026-04-02 23:50:00
2026-04-02,SVCB,W,2026-04-22,78750.0,65,130,130,2026-04-02 23:50:00
2026-04-02,SVCB,M,2026-04-15,70200.0,57,2430,114,2026-04-02 23:50:00
2026-04-02,SVCB,W,2026-04-08,254200.0,202,2414,314,2026-04-02 23:50:00
2026-04-02,SVCB,W,2026-04-22,78750.0,65,130,130,2026-04-02 23:50:00
2026-04-02,SVCB,M,2026-04-15,70200.0,57,2430,114,2026-04-02 23:50:00
2026-04-02,TATN,W,2026-04-08,6977175.0,10752,37872,1582,2026-04-02 23:50:00
2026-04-02,TATN,W,2026-04-22,5242500.0,8050,16100,16100,2026-04-02 23:50:00
2026-04-02,TATN,M,2026-04-15,8075825.0,12363,98334,7954,2026-04-02 23:50:00
2026-04-02,TATN,Q,2027-12-15,0.0,24,282228,-48,2026-04-02 18:23:34
2026-04-02,TATN,Q,2028-09-20,0.0,77,71986,0,2026-04-02 18:23:28
2026-04-02,TATN,W,2026-04-08,6977175.0,10752,37872,1582,2026-04-02 23:50:00
2026-04-02,TATN,W,2026-04-22,5242500.0,8050,16100,16100,2026-04-02 23:50:00
2026-04-02,TATN,M,2026-04-15,8075825.0,12363,98334,7954,2026-04-02 23:50:00
2026-04-02,TATN,Q,2027-12-15,0.0,24,282228,-48,2026-04-02 18:23:34
2026-04-02,TATN,Q,2028-09-20,0.0,77,71986,0,2026-04-02 18:23:28
2026-04-02,VKCO,W,2026-04-08,1162200.0,4160,16546,6284,2026-04-02 23:50:00
2026-04-02,VKCO,W,2026-04-22,298700.0,1045,2124,2090,2026-04-02 23:50:00
2026-04-02,VKCO,M,2026-04-15,467440.0,1744,11978,3112,2026-04-02 23:50:00
2026-04-02,VKCO,W,2026-04-08,1162200.0,4160,16546,6284,2026-04-02 23:50:00
2026-04-02,VKCO,W,2026-04-22,298700.0,1045,2124,2090,2026-04-02 23:50:00
2026-04-02,VKCO,M,2026-04-15,467440.0,1744,11978,3112,2026-04-02 23:50:00
2026-04-02,VTBR,W,2026-04-08,19865600.0,22492,63044,25238,2026-04-02 23:50:00
2026-04-02,VTBR,W,2026-04-22,468200.0,527,1054,1054,2026-04-02 23:50:00
2026-04-02,VTBR,M,2026-04-15,6135700.0,6913,56936,9056,2026-04-02 23:50:00
2026-04-02,VTBR,W,2026-04-08,19865600.0,22492,63044,25238,2026-04-02 23:50:00
2026-04-02,VTBR,W,2026-04-22,468200.0,527,1054,1054,2026-04-02 23:50:00
2026-04-02,VTBR,M,2026-04-15,6135700.0,6913,56936,9056,2026-04-02 23:50:00
2026-04-02,YDEX,W,2026-04-08,7252700.0,1686,13724,1742,2026-04-02 23:50:00
2026-04-02,YDEX,W,2026-04-22,2981900.0,699,1414,1398,2026-04-02 23:50:00
2026-04-02,YDEX,M,2026-04-15,4274300.0,1189,19038,942,2026-04-02 23:50:00
2026-04-02,YDEX,M,2026-05-20,20900.0,5,10,10,2026-04-02 23:50:00
2026-04-02,YDEX,Q,2026-06-17,1045000.0,250,3014,500,2026-04-02 23:50:00
2026-04-02,YDEX,W,2026-04-08,7252700.0,1686,13724,1742,2026-04-02 23:50:00
2026-04-02,YDEX,W,2026-04-22,2981900.0,699,1414,1398,2026-04-02 23:50:00
2026-04-02,YDEX,M,2026-04-15,4274300.0,1189,19038,942,2026-04-02 23:50:00
2026-04-02,YDEX,M,2026-05-20,20900.0,5,10,10,2026-04-02 23:50:00
2026-04-02,YDEX,Q,2026-06-17,1045000.0,250,3014,500,2026-04-02 23:50:00
2026-04-03,AFKS,M,2026-04-15,600.0,50,30138,100,2026-04-03 23:50:00
2026-04-03,AFKS,M,2026-04-15,600.0,50,30138,100,2026-04-03 23:50:00
2026-04-03,AFLT,W,2026-04-08,8647245.0,17118,54082,33504,2026-04-03 23:50:00
2026-04-03,AFLT,W,2026-04-22,286500.0,600,3052,1200,2026-04-03 23:50:00
2026-04-03,AFLT,M,2026-04-15,284190.0,586,19244,1172,2026-04-03 23:50:00
2026-04-03,AFLT,W,2026-04-08,8647245.0,17118,54082,33504,2026-04-03 23:50:00
2026-04-03,AFLT,W,2026-04-22,286500.0,600,3052,1200,2026-04-03 23:50:00
2026-04-03,AFLT,M,2026-04-15,284190.0,586,19244,1172,2026-04-03 23:50:00
2026-04-03,ALRS,W,2026-04-08,6196383.0,180453,755258,327958,2026-04-03 23:50:00
2026-04-03,ALRS,W,2026-04-22,331541.0,9832,55864,19264,2026-04-03 23:50:00
2026-04-03,ALRS,M,2026-04-15,690638.0,19512,467410,32722,2026-04-03 23:50:00
2026-04-03,ALRS,M,2026-05-20,18000.0,600,1200,1200,2026-04-03 23:50:00
2026-04-03,ALRS,Q,2029-03-21,0.0,10807,7136018,0,2026-04-03 17:21:24
2026-04-03,ALRS,Q,2029-06-20,0.0,2005,6401694,-4010,2026-04-03 17:21:18
2026-04-03,ALRS,W,2026-04-08,6196383.0,180453,755258,327958,2026-04-03 23:50:00
2026-04-03,ALRS,W,2026-04-22,331541.0,9832,55864,19264,2026-04-03 23:50:00
2026-04-03,ALRS,M,2026-04-15,690638.0,19512,467410,32722,2026-04-03 23:50:00
2026-04-03,ALRS,M,2026-05-20,18000.0,600,1200,1200,2026-04-03 23:50:00
2026-04-03,ALRS,Q,2029-03-21,0.0,10807,7136018,0,2026-04-03 17:21:24
2026-04-03,ALRS,Q,2029-06-20,0.0,2005,6401694,-4010,2026-04-03 17:21:18
2026-04-03,ASTR,Q,2028-09-20,0.0,36,57794,-72,2026-04-03 17:22:26
2026-04-03,ASTR,Q,2028-12-20,0.0,814,199526,-1628,2026-04-03 17:22:20
2026-04-03,ASTR,Q,2028-09-20,0.0,36,57794,-72,2026-04-03 17:22:26
2026-04-03,ASTR,Q,2028-12-20,0.0,814,199526,-1628,2026-04-03 17:22:20
2026-04-03,CHMF,W,2026-04-08,296600.0,347,4106,594,2026-04-03 23:50:00
2026-04-03,CHMF,W,2026-04-22,198750.0,250,800,500,2026-04-03 23:50:00
2026-04-03,CHMF,M,2026-04-15,226950.0,261,7616,102,2026-04-03 23:50:00
2026-04-03,CHMF,W,2026-04-08,296600.0,347,4106,594,2026-04-03 23:50:00
2026-04-03,CHMF,W,2026-04-22,198750.0,250,800,500,2026-04-03 23:50:00
2026-04-03,CHMF,M,2026-04-15,226950.0,261,7616,102,2026-04-03 23:50:00
2026-04-03,FEES,W,2026-04-08,89200.0,126,4096,126,2026-04-03 23:50:00
2026-04-03,FEES,W,2026-04-22,14400.0,20,620,40,2026-04-03 23:50:00
2026-04-03,FEES,M,2026-04-15,4100.0,6,3778,12,2026-04-03 23:50:00
2026-04-03,FEES,W,2026-04-08,89200.0,126,4096,126,2026-04-03 23:50:00
2026-04-03,FEES,W,2026-04-22,14400.0,20,620,40,2026-04-03 23:50:00
2026-04-03,FEES,M,2026-04-15,4100.0,6,3778,12,2026-04-03 23:50:00
2026-04-03,GMKN,W,2026-04-08,1916050.0,1407,8590,1934,2026-04-03 23:50:00
2026-04-03,GMKN,W,2026-04-22,669000.0,495,1970,890,2026-04-03 23:50:00
2026-04-03,GMKN,M,2026-04-15,1908500.0,1404,37534,1556,2026-04-03 23:50:00
2026-04-03,GMKN,W,2026-04-08,1916050.0,1407,8590,1934,2026-04-03 23:50:00
2026-04-03,GMKN,W,2026-04-22,669000.0,495,1970,890,2026-04-03 23:50:00
2026-04-03,GMKN,M,2026-04-15,1908500.0,1404,37534,1556,2026-04-03 23:50:00
2026-04-03,IRAO,W,2026-04-08,353280.0,1109,4794,620,2026-04-03 23:50:00
2026-04-03,IRAO,W,2026-04-22,46180.0,132,364,264,2026-04-03 23:50:00
2026-04-03,IRAO,M,2026-04-15,44160.0,138,4948,176,2026-04-03 23:50:00
2026-04-03,IRAO,W,2026-04-08,353280.0,1109,4794,620,2026-04-03 23:50:00
2026-04-03,IRAO,W,2026-04-22,46180.0,132,364,264,2026-04-03 23:50:00
2026-04-03,IRAO,M,2026-04-15,44160.0,138,4948,176,2026-04-03 23:50:00
2026-04-03,LKOH,W,2026-04-08,1479750.0,266,3012,468,2026-04-03 23:50:00
2026-04-03,LKOH,W,2026-04-22,634500.0,113,588,226,2026-04-03 23:50:00
2026-04-03,LKOH,M,2026-04-15,1009250.0,186,4614,178,2026-04-03 23:50:00
2026-04-03,LKOH,W,2026-04-08,1479750.0,266,3012,468,2026-04-03 23:50:00
2026-04-03,LKOH,W,2026-04-22,634500.0,113,588,226,2026-04-03 23:50:00
2026-04-03,LKOH,M,2026-04-15,1009250.0,186,4614,178,2026-04-03 23:50:00
2026-04-03,MAGN,W,2026-04-08,314734.0,11516,208106,18022,2026-04-03 23:50:00
2026-04-03,MAGN,W,2026-04-22,166400.0,6100,28200,4200,2026-04-03 23:50:00
2026-04-03,MAGN,M,2026-04-15,378926.0,13916,231024,15808,2026-04-03 23:50:00
2026-04-03,MAGN,W,2026-04-08,314734.0,11516,208106,18022,2026-04-03 23:50:00
2026-04-03,MAGN,W,2026-04-22,166400.0,6100,28200,4200,2026-04-03 23:50:00
2026-04-03,MAGN,M,2026-04-15,378926.0,13916,231024,15808,2026-04-03 23:50:00
2026-04-03,MOEX,W,2026-04-08,1786130.0,10787,206732,20820,2026-04-03 23:50:00
2026-04-03,MOEX,W,2026-04-22,2797800.0,16630,65190,33260,2026-04-03 23:50:00
2026-04-03,MOEX,M,2026-04-15,643180.0,3789,205330,6968,2026-04-03 23:50:00
2026-04-03,MOEX,M,2026-05-20,16000.0,89,214,178,2026-04-03 23:50:00
2026-04-03,MOEX,W,2026-04-08,1786130.0,10787,206732,20820,2026-04-03 23:50:00
2026-04-03,MOEX,W,2026-04-22,2797800.0,16630,65190,33260,2026-04-03 23:50:00
2026-04-03,MOEX,M,2026-04-15,643180.0,3789,205330,6968,2026-04-03 23:50:00
2026-04-03,MOEX,M,2026-05-20,16000.0,89,214,178,2026-04-03 23:50:00
2026-04-03,MSNG,M,2026-04-15,64400.0,335,4886,250,2026-04-03 23:50:00
2026-04-03,MSNG,M,2026-04-15,64400.0,335,4886,250,2026-04-03 23:50:00
2026-04-03,MTLR,W,2026-04-08,85420.0,1256,11344,1700,2026-04-03 23:50:00
2026-04-03,MTLR,W,2026-04-22,7000.0,100,200,200,2026-04-03 23:50:00
2026-04-03,MTLR,M,2026-04-15,83600.0,1110,7766,1618,2026-04-03 23:50:00
2026-04-03,MTLR,W,2026-04-08,85420.0,1256,11344,1700,2026-04-03 23:50:00
2026-04-03,MTLR,W,2026-04-22,7000.0,100,200,200,2026-04-03 23:50:00
2026-04-03,MTLR,M,2026-04-15,83600.0,1110,7766,1618,2026-04-03 23:50:00
2026-04-03,NLMK,M,2026-04-15,11080.0,112,1860,24,2026-04-03 23:50:00
2026-04-03,NLMK,M,2026-04-15,11080.0,112,1860,24,2026-04-03 23:50:00
2026-04-03,PIKK,W,2026-04-08,2235175.0,4378,15278,2356,2026-04-03 23:50:00
2026-04-03,PIKK,W,2026-04-22,1102250.0,2100,7002,4198,2026-04-03 23:50:00
2026-04-03,PIKK,M,2026-04-15,2259400.0,4484,15370,5886,2026-04-03 23:50:00
2026-04-03,PIKK,W,2026-04-08,2235175.0,4378,15278,2356,2026-04-03 23:50:00
2026-04-03,PIKK,W,2026-04-22,1102250.0,2100,7002,4198,2026-04-03 23:50:00
2026-04-03,PIKK,M,2026-04-15,2259400.0,4484,15370,5886,2026-04-03 23:50:00
2026-04-03,PLZL,W,2026-04-08,946000.0,42,180,84,2026-04-03 23:50:00
2026-04-03,PLZL,W,2026-04-22,114000.0,5,50,10,2026-04-03 23:50:00
2026-04-03,PLZL,Q,2029-03-21,0.0,35,16948,-70,2026-04-03 17:23:35
2026-04-03,PLZL,Q,2029-06-20,0.0,3,13478,-6,2026-04-03 17:23:28
2026-04-03,PLZL,W,2026-04-08,946000.0,42,180,84,2026-04-03 23:50:00
2026-04-03,PLZL,W,2026-04-22,114000.0,5,50,10,2026-04-03 23:50:00
2026-04-03,PLZL,Q,2029-03-21,0.0,35,16948,-70,2026-04-03 17:23:35
2026-04-03,PLZL,Q,2029-06-20,0.0,3,13478,-6,2026-04-03 17:23:28
2026-04-03,POSI,W,2026-04-08,148500.0,135,540,156,2026-04-03 23:50:00
2026-04-03,POSI,W,2026-04-22,116600.0,109,268,202,2026-04-03 23:50:00
2026-04-03,POSI,M,2026-04-15,134000.0,120,646,-100,2026-04-03 23:50:00
2026-04-03,POSI,Q,2028-09-20,0.0,8,12538,-16,2026-04-03 17:22:54
2026-04-03,POSI,Q,2028-12-20,0.0,206,52170,-80,2026-04-03 17:38:19
2026-04-03,POSI,W,2026-04-08,148500.0,135,540,156,2026-04-03 23:50:00
2026-04-03,POSI,W,2026-04-22,116600.0,109,268,202,2026-04-03 23:50:00
2026-04-03,POSI,M,2026-04-15,134000.0,120,646,-100,2026-04-03 23:50:00
2026-04-03,POSI,Q,2028-09-20,0.0,8,12538,-16,2026-04-03 17:22:54
2026-04-03,POSI,Q,2028-12-20,0.0,206,52170,-80,2026-04-03 17:38:19
2026-04-03,ROSN,W,2026-04-08,5321000.0,11340,161776,16202,2026-04-03 23:50:00
2026-04-03,ROSN,W,2026-04-22,640970.0,1354,8056,2708,2026-04-03 23:50:00
2026-04-03,ROSN,M,2026-04-15,4614510.0,13163,126228,5524,2026-04-03 23:50:00
2026-04-03,ROSN,M,2026-05-20,540.0,1,2,2,2026-04-03 23:50:00
2026-04-03,ROSN,Q,2026-06-17,1549380.0,4343,770040,3004,2026-04-03 23:50:00
2026-04-03,ROSN,Q,2026-12-16,186000.0,793,1428972,-1586,2026-04-03 23:50:00
2026-04-03,ROSN,Q,2027-03-17,0.0,237,1134824,-474,2026-04-03 22:54:05
2026-04-03,ROSN,Q,2027-09-15,0.0,295,1210694,0,2026-04-03 17:23:49
2026-04-03,ROSN,Q,2027-12-15,480.0,183,883898,2,2026-04-03 23:50:00
2026-04-03,ROSN,W,2026-04-08,5321000.0,11340,161776,16202,2026-04-03 23:50:00
2026-04-03,ROSN,W,2026-04-22,640970.0,1354,8056,2708,2026-04-03 23:50:00
2026-04-03,ROSN,M,2026-04-15,4614510.0,13163,126228,5524,2026-04-03 23:50:00
2026-04-03,ROSN,M,2026-05-20,540.0,1,2,2,2026-04-03 23:50:00
2026-04-03,ROSN,Q,2026-06-17,1549380.0,4343,770040,3004,2026-04-03 23:50:00
2026-04-03,ROSN,Q,2026-12-16,186000.0,793,1428972,-1586,2026-04-03 23:50:00
2026-04-03,ROSN,Q,2027-03-17,0.0,237,1134824,-474,2026-04-03 22:54:05
2026-04-03,ROSN,Q,2027-09-15,0.0,295,1210694,0,2026-04-03 17:23:49
2026-04-03,ROSN,Q,2027-12-15,480.0,183,883898,2,2026-04-03 23:50:00
2026-04-03,RTKM,W,2026-04-08,354960.0,618,5314,900,2026-04-03 23:50:00
2026-04-03,RTKM,W,2026-04-22,430500.0,750,2600,1500,2026-04-03 23:50:00
2026-04-03,RTKM,M,2026-04-15,711120.0,1226,15752,1552,2026-04-03 23:50:00
2026-04-03,RTKM,W,2026-04-08,354960.0,618,5314,900,2026-04-03 23:50:00
2026-04-03,RTKM,W,2026-04-22,430500.0,750,2600,1500,2026-04-03 23:50:00
2026-04-03,RTKM,M,2026-04-15,711120.0,1226,15752,1552,2026-04-03 23:50:00
2026-04-03,RUAL,W,2026-04-08,210060.0,524,17178,424,2026-04-03 23:50:00
2026-04-03,RUAL,W,2026-04-22,132645.0,329,1378,224,2026-04-03 23:50:00
2026-04-03,RUAL,M,2026-04-15,555420.0,1286,19620,2152,2026-04-03 23:50:00
2026-04-03,RUAL,W,2026-04-08,210060.0,524,17178,424,2026-04-03 23:50:00
2026-04-03,RUAL,W,2026-04-22,132645.0,329,1378,224,2026-04-03 23:50:00
2026-04-03,RUAL,M,2026-04-15,555420.0,1286,19620,2152,2026-04-03 23:50:00
2026-04-03,SIBN,W,2026-04-08,82770.0,159,2762,318,2026-04-03 23:50:00
2026-04-03,SIBN,M,2026-04-15,58120.0,111,5910,140,2026-04-03 23:50:00
2026-04-03,SIBN,W,2026-04-08,82770.0,159,2762,318,2026-04-03 23:50:00
2026-04-03,SIBN,M,2026-04-15,58120.0,111,5910,140,2026-04-03 23:50:00
2026-04-03,SMLT,W,2026-04-08,123750.0,202,2760,404,2026-04-03 23:50:00
2026-04-03,SMLT,W,2026-04-22,6000.0,10,308,0,2026-04-03 23:50:00
2026-04-03,SMLT,M,2026-04-15,109950.0,153,5750,-34,2026-04-03 23:50:00
2026-04-03,SMLT,W,2026-04-08,123750.0,202,2760,404,2026-04-03 23:50:00
2026-04-03,SMLT,W,2026-04-22,6000.0,10,308,0,2026-04-03 23:50:00
2026-04-03,SMLT,M,2026-04-15,109950.0,153,5750,-34,2026-04-03 23:50:00
2026-04-03,SPBE,W,2026-04-08,105000.0,450,1300,900,2026-04-03 23:50:00
2026-04-03,SPBE,W,2026-04-08,105000.0,450,1300,900,2026-04-03 23:50:00
2026-04-03,SVCB,W,2026-04-08,355400.0,283,2798,384,2026-04-03 23:50:00
2026-04-03,SVCB,W,2026-04-22,31250.0,25,180,50,2026-04-03 23:50:00
2026-04-03,SVCB,M,2026-04-15,24500.0,19,2468,38,2026-04-03 23:50:00
2026-04-03,SVCB,Q,2029-06-20,0.0,130,29560,-260,2026-04-03 17:24:41
2026-04-03,SVCB,W,2026-04-08,355400.0,283,2798,384,2026-04-03 23:50:00
2026-04-03,SVCB,W,2026-04-22,31250.0,25,180,50,2026-04-03 23:50:00
2026-04-03,SVCB,M,2026-04-15,24500.0,19,2468,38,2026-04-03 23:50:00
2026-04-03,SVCB,Q,2029-06-20,0.0,130,29560,-260,2026-04-03 17:24:41
2026-04-03,TATN,W,2026-04-08,5611700.0,8647,40936,3064,2026-04-03 23:50:00
2026-04-03,TATN,W,2026-04-22,4065000.0,6250,26900,10800,2026-04-03 23:50:00
2026-04-03,TATN,M,2026-04-15,5398700.0,8112,109310,10976,2026-04-03 23:50:00
2026-04-03,TATN,W,2026-04-08,5611700.0,8647,40936,3064,2026-04-03 23:50:00
2026-04-03,TATN,W,2026-04-22,4065000.0,6250,26900,10800,2026-04-03 23:50:00
2026-04-03,TATN,M,2026-04-15,5398700.0,8112,109310,10976,2026-04-03 23:50:00
2026-04-03,VKCO,W,2026-04-08,225620.0,811,18146,1600,2026-04-03 23:50:00
2026-04-03,VKCO,W,2026-04-22,237000.0,900,3624,1500,2026-04-03 23:50:00
2026-04-03,VKCO,M,2026-04-15,174280.0,638,12932,954,2026-04-03 23:50:00
2026-04-03,VKCO,W,2026-04-08,225620.0,811,18146,1600,2026-04-03 23:50:00
2026-04-03,VKCO,W,2026-04-22,237000.0,900,3624,1500,2026-04-03 23:50:00
2026-04-03,VKCO,M,2026-04-15,174280.0,638,12932,954,2026-04-03 23:50:00
2026-04-03,VTBR,W,2026-04-08,22064480.0,23952,84358,21314,2026-04-03 23:50:00
2026-04-03,VTBR,W,2026-04-22,1039660.0,1143,3146,2092,2026-04-03 23:50:00
2026-04-03,VTBR,M,2026-04-15,4042600.0,4406,63316,6380,2026-04-03 23:50:00
2026-04-03,VTBR,W,2026-04-08,22064480.0,23952,84358,21314,2026-04-03 23:50:00
2026-04-03,VTBR,W,2026-04-22,1039660.0,1143,3146,2092,2026-04-03 23:50:00
2026-04-03,VTBR,M,2026-04-15,4042600.0,4406,63316,6380,2026-04-03 23:50:00
2026-04-03,YDEX,W,2026-04-08,12372500.0,2956,14558,834,2026-04-03 23:50:00
2026-04-03,YDEX,W,2026-04-22,6900500.0,1709,4626,3212,2026-04-03 23:50:00
2026-04-03,YDEX,M,2026-04-15,5496300.0,1328,19386,348,2026-04-03 23:50:00
2026-04-03,YDEX,Q,2026-06-17,3733200.0,900,4814,1800,2026-04-03 23:50:00
2026-04-03,YDEX,Q,2028-09-20,0.0,5,8324,-10,2026-04-03 17:22:04
2026-04-03,YDEX,Q,2028-12-20,0.0,109,26596,-218,2026-04-03 17:23:21
2026-04-03,YDEX,W,2026-04-08,12372500.0,2956,14558,834,2026-04-03 23:50:00
2026-04-03,YDEX,W,2026-04-22,6900500.0,1709,4626,3212,2026-04-03 23:50:00
2026-04-03,YDEX,M,2026-04-15,5496300.0,1328,19386,348,2026-04-03 23:50:00
2026-04-03,YDEX,Q,2026-06-17,3733200.0,900,4814,1800,2026-04-03 23:50:00
2026-04-03,YDEX,Q,2028-09-20,0.0,5,8324,-10,2026-04-03 17:22:04
2026-04-03,YDEX,Q,2028-12-20,0.0,109,26596,-218,2026-04-03 17:23:21
